#
# A fatal error has been detected by the Java Runtime Environment:
#
#  EXCEPTION_ACCESS_VIOLATION (0xc0000005) at pc=0x00007fff8aad6440, pid=13060, tid=24500
#
# JRE version: Java(TM) SE Runtime Environment (21.0.5+9) (build 21.0.5+9-LTS-239)
# Java VM: Java HotSpot(TM) 64-Bit Server VM (21.0.5+9-LTS-239, mixed mode, sharing, tiered, compressed oops, compressed class ptrs, g1 gc, windows-amd64)
# Problematic frame:
# C  [native-platform-file-events.dll+0x46440]
#
# No core dump will be written. Minidumps are not enabled by default on client versions of Windows
#
# If you would like to submit a bug report, please visit:
#   https://bugreport.java.com/bugreport/crash.jsp
# The crash happened outside the Java Virtual Machine in native code.
# See problematic frame for where to report the bug.
#

---------------  S U M M A R Y ------------

Command Line: --add-opens=java.base/java.util=ALL-UNNAMED --add-opens=java.base/java.lang=ALL-UNNAMED --add-opens=java.base/java.lang.invoke=ALL-UNNAMED --add-opens=java.prefs/java.util.prefs=ALL-UNNAMED --add-opens=java.base/java.nio.charset=ALL-UNNAMED --add-opens=java.base/java.net=ALL-UNNAMED --add-opens=java.base/java.util.concurrent.atomic=ALL-UNNAMED -XX:MaxMetaspaceSize=384m -XX:+HeapDumpOnOutOfMemoryError -Xms256m -Xmx512m -Dfile.encoding=UTF-8 -Duser.country=US -Duser.language=en -Duser.variant -javaagent:C:\Users\jahanbin\.gradle\wrapper\dists\gradle-8.8-bin\dl7vupf4psengwqhwktix4v1\gradle-8.8\lib\agents\gradle-instrumentation-agent-8.8.jar org.gradle.launcher.daemon.bootstrap.GradleDaemon 8.8

Host: 12th Gen Intel(R) Core(TM) i7-12700, 20 cores, 31G,  Windows 11 , 64 bit Build 26100 (10.0.26100.8521)
Time: Sat Jul  4 03:24:15 2026 Iran Standard Time elapsed time: 2225.992413 seconds (0d 0h 37m 5s)

---------------  T H R E A D  ---------------

Current thread (0x0000027dfdf63d30):  JavaThread "File watcher server" daemon [_thread_in_native, id=24500, stack(0x000000986b500000,0x000000986b600000) (1024K)]

Stack: [0x000000986b500000,0x000000986b600000],  sp=0x000000986b5fe800,  free space=1018k
Native frames: (J=compiled Java code, j=interpreted, Vv=VM code, C=native code)
C  [native-platform-file-events.dll+0x46440]

Java frames: (J=compiled Java code, j=interpreted, Vv=VM code)
j  net.rubygrapefruit.platform.internal.jni.AbstractNativeFileEventFunctions$NativeFileWatcher.executeRunLoop0(Ljava/lang/Object;)V+0
j  net.rubygrapefruit.platform.internal.jni.AbstractNativeFileEventFunctions$NativeFileWatcher.executeRunLoop()V+5
j  net.rubygrapefruit.platform.internal.jni.AbstractFileEventFunctions$AbstractFileWatcher$1.run()V+21
v  ~StubRoutines::call_stub 0x0000027de901100d

siginfo: EXCEPTION_ACCESS_VIOLATION (0xc0000005), reading address 0x0000000000000000


Registers:
RAX=0x0000000000000000, RBX=0x0000000000000000, RCX=0x00000098707fa8b8, RDX=0x0000000000000000
RSP=0x000000986b5fe800, RBP=0x0000000000000000, RSI=0x00000098707fa8b0, RDI=0x00000098707fa870
R8 =0x0000027dd725ea00, R9 =0x0000027dfb85e7e0, R10=0x0000027dd7250000, R11=0x0000000000000246
R12=0x0000000000000000, R13=0x0000027df73a0748, R14=0x0000000000000000, R15=0x0000027dfdf63d30
RIP=0x00007fff8aad6440, EFLAGS=0x0000000000010206


Register to memory mapping:

RAX=0x0 is null
RBX=0x0 is null
RCX=0x00000098707fa8b8 is pointing into the stack for thread: 0x0000027df5544d50
RDX=0x0 is null
RSP=0x000000986b5fe800 is pointing into the stack for thread: 0x0000027dfdf63d30
RBP=0x0 is null
RSI=0x00000098707fa8b0 is pointing into the stack for thread: 0x0000027df5544d50
RDI=0x00000098707fa870 is pointing into the stack for thread: 0x0000027df5544d50
R8 =0x0000027dd725ea00 points into unknown readable memory: 0x0000027dd7250e10 | 10 0e 25 d7 7d 02 00 00
R9 =0x0000027dfb85e7e0 points into unknown readable memory: 0x0000027dfb402e40 | 40 2e 40 fb 7d 02 00 00
R10=0x0000027dd7250000 points into unknown readable memory: 0x0000000000000000 | 00 00 00 00 00 00 00 00
R11=0x0000000000000246 is an unknown value
R12=0x0 is null
R13={method} {0x0000027df73a0750} 'executeRunLoop0' '(Ljava/lang/Object;)V' in 'net/rubygrapefruit/platform/internal/jni/AbstractNativeFileEventFunctions$NativeFileWatcher'
R14=0x0 is null
R15=0x0000027dfdf63d30 is a thread

Top of Stack: (sp=0x000000986b5fe800)
0x000000986b5fe800:   000000986b5fe870 0000027de901893e
0x000000986b5fe810:   0000027de901893e 00007fff8aab31d3
0x000000986b5fe820:   0000027d9a838168 000000986b5fe828
0x000000986b5fe830:   000098094d130359 00007fff8aabdb23
0x000000986b5fe840:   0000000000000000 00000098707fa870
0x000000986b5fe850:   00007fff8aaaf1f0 00007fff8aac713b
0x000000986b5fe860:   00000098707fa8b0 000000986b5fe8a0
0x000000986b5fe870:   0000000000000000 00007fff8aabc04e
0x000000986b5fe880:   0000027d9a838160 00007fff8aab9346
0x000000986b5fe890:   00000098707fa8b0 00000000eef80978
0x000000986b5fe8a0:   0000027d9a838160 0000000000000000
0x000000986b5fe8b0:   0000000000000000 00007fff8aac6562
0x000000986b5fe8c0:   000000986b5fe900 00000098707fa8b0
0x000000986b5fe8d0:   0000000000000000 0000000000000000
0x000000986b5fe8e0:   0000000000000001 0000000000000000
0x000000986b5fe8f0:   0000000000000000 0000000000000000
0x000000986b5fe900:   00000098707fa8b0 0000000000000000
0x000000986b5fe910:   0000000000000000 00007fff8aaaf20d
0x000000986b5fe920:   00000098707fa870 0000000000000000
0x000000986b5fe930:   0000000000000000 00007fff42063c30
0x000000986b5fe940:   00000098707fa870 0000000000000000
0x000000986b5fe950:   0000027dfdf63d30 00007ff813df6633
0x000000986b5fe960:   00000098707fa870 0000027dfe4c1840
0x000000986b5fe970:   0000027d8043b078 0000027d8043b078
0x000000986b5fe980:   0000000000000048 0000000000000001
0x000000986b5fe990:   0000000000000000 0000000000000000
0x000000986b5fe9a0:   0000000000000030 ffffffffffffffff
0x000000986b5fe9b0:   ffffffffffffffff 00007ff813df6627
0x000000986b5fe9c0:   0000000000000000 000000986b5fe9e0
0x000000986b5fe9d0:   0000000000000001 00007ff813ec3f7e
0x000000986b5fe9e0:   000000986b5ff010 0000009867b3d000
0x000000986b5fe9f0:   0000000000000000 00007ff813df65d0 

Instructions: (pc=0x00007fff8aad6440)
0x00007fff8aad6340:   7d 0b 00 48 89 01 48 83 c1 08 48 83 c4 28 48 ff
0x00007fff8aad6350:   25 23 7d 0f 00 48 8d 05 b4 7c 0b 00 45 33 c0 48
0x00007fff8aad6360:   89 01 ba a0 0f 00 00 48 83 c1 08 48 83 c4 28 48
0x00007fff8aad6370:   ff 25 2a 7d 0f 00 e8 b5 c2 fb ff cc cc cc cc cc
0x00007fff8aad6380:   cc cc cc cc cc cc cc cc cc cc cc cc cc cc cc cc
0x00007fff8aad6390:   cc cc cc cc cc cc cc cc 48 83 c1 08 48 ff 25 0d
0x00007fff8aad63a0:   7d 0f 00 cc cc cc cc cc c2 00 00 cc 48 83 c1 08
0x00007fff8aad63b0:   48 ff 25 d9 7c 0f 00 cc cc cc cc cc 48 83 c1 08
0x00007fff8aad63c0:   48 ff 25 c1 7c 0f 00 cc cc cc cc cc 48 89 5c 24
0x00007fff8aad63d0:   18 56 57 41 56 48 83 ec 40 48 8b 05 68 3e 0e 00
0x00007fff8aad63e0:   48 33 c4 48 89 44 24 30 8b 01 4c 8b f2 0f ba f0
0x00007fff8aad63f0:   08 48 8b f1 83 f8 01 75 2c ff 15 41 7c 0f 00 39
0x00007fff8aad6400:   46 48 74 19 48 8d 4e 08 48 8b 01 48 8b 00 ff 15
0x00007fff8aad6410:   0c 9c 0f 00 ff 15 26 7c 0f 00 89 46 48 ff 46 4c
0x00007fff8aad6420:   e9 f3 00 00 00 4d 85 f6 75 24 ff 15 10 7c 0f 00
0x00007fff8aad6430:   39 46 48 0f 84 9d 00 00 00 48 8d 4e 08 48 8b 01
0x00007fff8aad6440:   48 8b 00 ff 15 d7 9b 0f 00 e9 88 00 00 00 48 83
0x00007fff8aad6450:   3a 00 7c 62 75 06 83 7a 08 00 7e 5a ba 01 00 00
0x00007fff8aad6460:   00 48 8d 4c 24 20 e8 69 e1 fb ff 48 8b 44 24 20
0x00007fff8aad6470:   49 3b 06 7c 0c 75 7d 41 8b 46 08 39 44 24 28 7d
0x00007fff8aad6480:   73 ff 15 b9 7b 0f 00 39 46 48 74 4a 48 8b 46 08
0x00007fff8aad6490:   48 8d 54 24 20 49 8b ce 48 8b 58 10 e8 82 ec fb
0x00007fff8aad64a0:   ff 8b d0 48 8d 4e 08 48 8b c3 ff 15 70 9b 0f 00
0x00007fff8aad64b0:   84 c0 75 22 eb a6 ff 15 84 7b 0f 00 39 46 48 74
0x00007fff8aad64c0:   15 48 8d 4e 08 48 8b 01 48 8b 40 08 ff 15 4e 9b
0x00007fff8aad64d0:   0f 00 84 c0 74 1e 8b 4e 4c 8d 41 01 89 46 4c 83
0x00007fff8aad64e0:   f8 01 7e 2b f7 06 00 01 00 00 75 2c 89 4e 4c 4d
0x00007fff8aad64f0:   85 f6 74 14 49 83 3e 00 75 07 41 83 7e 08 00 74
0x00007fff8aad6500:   07 b8 02 00 00 00 eb 12 b8 03 00 00 00 eb 0b ff
0x00007fff8aad6510:   15 2b 7b 0f 00 89 46 48 33 c0 48 8b 4c 24 30 48
0x00007fff8aad6520:   33 cc e8 b7 d6 fb ff 48 8b 5c 24 70 48 83 c4 40
0x00007fff8aad6530:   41 5e 5f 5e c3 cc cc cc cc cc cc cc cc cc cc cc 


Stack slot to memory mapping:

stack at sp + 0 slots: 0x000000986b5fe870 is pointing into the stack for thread: 0x0000027dfdf63d30
stack at sp + 1 slots: 0x0000027de901893e is at code_begin+1406 in an Interpreter codelet
return entry points  [0x0000027de90183c0, 0x0000027de9018f60]  2976 bytes
stack at sp + 2 slots: 0x0000027de901893e is at code_begin+1406 in an Interpreter codelet
return entry points  [0x0000027de90183c0, 0x0000027de9018f60]  2976 bytes
stack at sp + 3 slots: 0x00007fff8aab31d3 native-platform-file-events.dll
stack at sp + 4 slots: 0x0000027d9a838168 points into unknown readable memory: 0x0000027dfccbde40 | 40 de cb fc 7d 02 00 00
stack at sp + 5 slots: 0x000000986b5fe828 is pointing into the stack for thread: 0x0000027dfdf63d30
stack at sp + 6 slots: 0x000098094d130359 is an unknown value
stack at sp + 7 slots: 0x00007fff8aabdb23 native-platform-file-events.dll


---------------  P R O C E S S  ---------------

Threads class SMR info:
_java_thread_list=0x0000027d9b406300, length=134, elements={
0x0000027dd7436c70, 0x0000027df53a4970, 0x0000027df53a74d0, 0x0000027df53b2f40,
0x0000027df53b3bf0, 0x0000027df53b4a50, 0x0000027df53bf7e0, 0x0000027df53e1c40,
0x0000027df53e79a0, 0x0000027df55bbc00, 0x0000027df56d18c0, 0x0000027dfae70500,
0x0000027dfb15b350, 0x0000027dfaf89440, 0x0000027dfaf0edc0, 0x0000027dfaf0f450,
0x0000027dfaf10800, 0x0000027dfdf63d30, 0x0000027dfdf622f0, 0x0000027dfdf63010,
0x0000027dfdf62980, 0x0000027dfdf636a0, 0x0000027dfdf643c0, 0x0000027dfdf64a50,
0x0000027dfdf61c60, 0x0000027dfdf66b20, 0x0000027dfdf65770, 0x0000027dfdf68560,
0x0000027dfdf671b0, 0x0000027dfdf67840, 0x0000027dfdf67ed0, 0x0000027dfdf66490,
0x0000027dfdf69280, 0x0000027dfcf047b0, 0x0000027dfcf04e40, 0x0000027dfcf061f0,
0x0000027dfcf04120, 0x0000027dfcf06880, 0x0000027dfcf03400, 0x0000027dff26a610,
0x0000027dfea33fa0, 0x0000027d955fd0b0, 0x0000027d955fe460, 0x0000027d955feaf0,
0x0000027d955fca20, 0x0000027d955fd740, 0x0000027d955fddd0, 0x0000027dfc827be0,
0x0000027dfc825b10, 0x0000027dfc828270, 0x0000027dfc824df0, 0x0000027dfc829cb0,
0x0000027d9a1b5b10, 0x0000027d9a1b61a0, 0x0000027d9a1b7550, 0x0000027dff2643a0,
0x0000027dff264a30, 0x0000027dff2650c0, 0x0000027dff265750, 0x0000027dff266470,
0x0000027dff265de0, 0x0000027dff266b00, 0x0000027dff267190, 0x0000027dff263d10,
0x0000027dff267820, 0x0000027dff269f80, 0x0000027dff2698f0, 0x0000027dff267eb0,
0x0000027dff268bd0, 0x0000027dfea32bf0, 0x0000027dfea33280, 0x0000027dfea2fe00,
0x0000027dfea30b20, 0x0000027dfea34630, 0x0000027dfea31ed0, 0x0000027dfea311b0,
0x0000027dfea31840, 0x0000027dfea37420, 0x0000027dfea35350, 0x0000027dfea359e0,
0x0000027dfea36070, 0x0000027dfce95340, 0x0000027dfce966f0, 0x0000027dfce96060,
0x0000027dfce93270, 0x0000027dfce96d80, 0x0000027dfce93900, 0x0000027dfce97410,
0x0000027dfce93f90, 0x0000027dfce97aa0, 0x0000027dfce99b70, 0x0000027dfce98130,
0x0000027df5543310, 0x0000027dfcf05b60, 0x0000027dfcf03a90, 0x0000027dfcf082c0,
0x0000027dfcf09670, 0x0000027dfcf075a0, 0x0000027dfcf07c30, 0x0000027dfcf08950,
0x0000027dfcf08fe0, 0x0000027dfcf09d00, 0x0000027dfc826830, 0x0000027dfc826ec0,
0x0000027dfc82b6f0, 0x0000027dfc82b060, 0x0000027dfc82bd80, 0x0000027dfc82a340,
0x0000027dfc82c410, 0x0000027dfc82a9d0, 0x0000027df5544030, 0x0000027df5547b40,
0x0000027df55446c0, 0x0000027df55481d0, 0x0000027df5544d50, 0x0000027df5548860,
0x0000027df5545a70, 0x0000027df554ca00, 0x0000027df5549580, 0x0000027df5549c10,
0x0000027df554bce0, 0x0000027df554b650, 0x0000027df554a930, 0x0000027df554d090,
0x0000027df554d720, 0x0000027df554a2a0, 0x0000027df554ddb0, 0x0000027df554e440,
0x0000027df554afc0, 0x0000027df554fe80, 0x0000027df55518c0, 0x0000027df554f160,
0x0000027df5551f50, 0x0000027df554ead0
}

Java Threads: ( => current thread )
  0x0000027dd7436c70 JavaThread "main"                              [_thread_blocked, id=7852, stack(0x0000009867f00000,0x0000009868000000) (1024K)]
  0x0000027df53a4970 JavaThread "Reference Handler"          daemon [_thread_blocked, id=19568, stack(0x0000009868700000,0x0000009868800000) (1024K)]
  0x0000027df53a74d0 JavaThread "Finalizer"                  daemon [_thread_blocked, id=38224, stack(0x0000009868800000,0x0000009868900000) (1024K)]
  0x0000027df53b2f40 JavaThread "Signal Dispatcher"          daemon [_thread_blocked, id=30748, stack(0x0000009868900000,0x0000009868a00000) (1024K)]
  0x0000027df53b3bf0 JavaThread "Attach Listener"            daemon [_thread_blocked, id=33568, stack(0x0000009868a00000,0x0000009868b00000) (1024K)]
  0x0000027df53b4a50 JavaThread "Service Thread"             daemon [_thread_blocked, id=3812, stack(0x0000009868b00000,0x0000009868c00000) (1024K)]
  0x0000027df53bf7e0 JavaThread "Monitor Deflation Thread"   daemon [_thread_blocked, id=31224, stack(0x0000009868c00000,0x0000009868d00000) (1024K)]
  0x0000027df53e1c40 JavaThread "C2 CompilerThread0"         daemon [_thread_blocked, id=28888, stack(0x0000009868d00000,0x0000009868e00000) (1024K)]
  0x0000027df53e79a0 JavaThread "C1 CompilerThread0"         daemon [_thread_blocked, id=8880, stack(0x0000009868e00000,0x0000009868f00000) (1024K)]
  0x0000027df55bbc00 JavaThread "Common-Cleaner"             daemon [_thread_blocked, id=34288, stack(0x0000009869000000,0x0000009869100000) (1024K)]
  0x0000027df56d18c0 JavaThread "Notification Thread"        daemon [_thread_blocked, id=39832, stack(0x0000009869300000,0x0000009869400000) (1024K)]
  0x0000027dfae70500 JavaThread "Daemon health stats"               [_thread_blocked, id=11380, stack(0x0000009869a00000,0x0000009869b00000) (1024K)]
  0x0000027dfb15b350 JavaThread "Incoming local TCP Connector on port 52804"        [_thread_in_native, id=15020, stack(0x0000009869b00000,0x0000009869c00000) (1024K)]
  0x0000027dfaf89440 JavaThread "Daemon periodic checks"            [_thread_blocked, id=4896, stack(0x0000009869c00000,0x0000009869d00000) (1024K)]
  0x0000027dfaf0edc0 JavaThread "Cache worker for journal cache (C:\Users\jahanbin\.gradle\caches\journal-1)"        [_thread_blocked, id=10700, stack(0x000000986a400000,0x000000986a500000) (1024K)]
  0x0000027dfaf0f450 JavaThread "File lock request listener"        [_thread_in_native, id=34340, stack(0x000000986a500000,0x000000986a600000) (1024K)]
  0x0000027dfaf10800 JavaThread "Cache worker for file hash cache (C:\Users\jahanbin\.gradle\caches\8.8\fileHashes)"        [_thread_blocked, id=38040, stack(0x000000986a600000,0x000000986a700000) (1024K)]
=>0x0000027dfdf63d30 JavaThread "File watcher server"        daemon [_thread_in_native, id=24500, stack(0x000000986b500000,0x000000986b600000) (1024K)]
  0x0000027dfdf622f0 JavaThread "File watcher consumer"      daemon [_thread_blocked, id=41116, stack(0x000000986b600000,0x000000986b700000) (1024K)]
  0x0000027dfdf63010 JavaThread "jar transforms"                    [_thread_blocked, id=38152, stack(0x000000986b700000,0x000000986b800000) (1024K)]
  0x0000027dfdf62980 JavaThread "jar transforms Thread 2"           [_thread_blocked, id=8616, stack(0x000000986b800000,0x000000986b900000) (1024K)]
  0x0000027dfdf636a0 JavaThread "jar transforms Thread 3"           [_thread_blocked, id=18676, stack(0x000000986b900000,0x000000986ba00000) (1024K)]
  0x0000027dfdf643c0 JavaThread "jar transforms Thread 4"           [_thread_blocked, id=23148, stack(0x000000986ba00000,0x000000986bb00000) (1024K)]
  0x0000027dfdf64a50 JavaThread "jar transforms Thread 5"           [_thread_blocked, id=37316, stack(0x000000986bb00000,0x000000986bc00000) (1024K)]
  0x0000027dfdf61c60 JavaThread "jar transforms Thread 6"           [_thread_blocked, id=22488, stack(0x000000986bc00000,0x000000986bd00000) (1024K)]
  0x0000027dfdf66b20 JavaThread "jar transforms Thread 7"           [_thread_blocked, id=9608, stack(0x000000986bd00000,0x000000986be00000) (1024K)]
  0x0000027dfdf65770 JavaThread "jar transforms Thread 8"           [_thread_blocked, id=20072, stack(0x000000986be00000,0x000000986bf00000) (1024K)]
  0x0000027dfdf68560 JavaThread "jar transforms Thread 9"           [_thread_blocked, id=37732, stack(0x000000986bf00000,0x000000986c000000) (1024K)]
  0x0000027dfdf671b0 JavaThread "jar transforms Thread 10"          [_thread_blocked, id=25512, stack(0x000000986c000000,0x000000986c100000) (1024K)]
  0x0000027dfdf67840 JavaThread "jar transforms Thread 11"          [_thread_blocked, id=41736, stack(0x000000986c100000,0x000000986c200000) (1024K)]
  0x0000027dfdf67ed0 JavaThread "jar transforms Thread 12"          [_thread_blocked, id=29052, stack(0x000000986c200000,0x000000986c300000) (1024K)]
  0x0000027dfdf66490 JavaThread "jar transforms Thread 13"          [_thread_blocked, id=34872, stack(0x000000986c300000,0x000000986c400000) (1024K)]
  0x0000027dfdf69280 JavaThread "jar transforms Thread 14"          [_thread_blocked, id=39068, stack(0x000000986c400000,0x000000986c500000) (1024K)]
  0x0000027dfcf047b0 JavaThread "Cache worker for file content cache (C:\Users\jahanbin\.gradle\caches\8.8\fileContent)"        [_thread_blocked, id=33940, stack(0x000000986c600000,0x000000986c700000) (1024K)]
  0x0000027dfcf04e40 JavaThread "jar transforms Thread 15"          [_thread_blocked, id=40100, stack(0x000000986c900000,0x000000986ca00000) (1024K)]
  0x0000027dfcf061f0 JavaThread "jar transforms Thread 16"          [_thread_blocked, id=36020, stack(0x000000986ca00000,0x000000986cb00000) (1024K)]
  0x0000027dfcf04120 JavaThread "jar transforms Thread 17"          [_thread_blocked, id=38952, stack(0x000000986cd00000,0x000000986ce00000) (1024K)]
  0x0000027dfcf06880 JavaThread "jar transforms Thread 18"          [_thread_blocked, id=39536, stack(0x000000986ce00000,0x000000986cf00000) (1024K)]
  0x0000027dfcf03400 JavaThread "jar transforms Thread 19"          [_thread_blocked, id=26012, stack(0x000000986cf00000,0x000000986d000000) (1024K)]
  0x0000027dff26a610 JavaThread "jar transforms Thread 20"          [_thread_blocked, id=40888, stack(0x000000986e500000,0x000000986e600000) (1024K)]
  0x0000027dfea33fa0 JavaThread "Memory manager"                    [_thread_blocked, id=5864, stack(0x0000009870d00000,0x0000009870e00000) (1024K)]
  0x0000027d955fd0b0 JavaThread "Daemon Thread 2"                   [_thread_blocked, id=37768, stack(0x0000009867c00000,0x0000009867d00000) (1024K)]
  0x0000027d955fe460 JavaThread "Handler for socket connection from /127.0.0.1:52804 to /127.0.0.1:63412"        [_thread_in_native, id=37392, stack(0x0000009867d00000,0x0000009867e00000) (1024K)]
  0x0000027d955feaf0 JavaThread "Cancel handler"                    [_thread_blocked, id=20920, stack(0x0000009867e00000,0x0000009867f00000) (1024K)]
  0x0000027d955fca20 JavaThread "Daemon worker Thread 2"            [_thread_blocked, id=34736, stack(0x0000009868f00000,0x0000009869000000) (1024K)]
  0x0000027d955fd740 JavaThread "Asynchronous log dispatcher for DefaultDaemonConnection: socket connection from /127.0.0.1:52804 to /127.0.0.1:63412"        [_thread_blocked, id=38184, stack(0x0000009869100000,0x0000009869200000) (1024K)]
  0x0000027d955fddd0 JavaThread "Stdin handler"                     [_thread_blocked, id=28352, stack(0x0000009869200000,0x0000009869300000) (1024K)]
  0x0000027dfc827be0 JavaThread "Daemon client event forwarder"        [_thread_blocked, id=39340, stack(0x0000009869900000,0x0000009869a00000) (1024K)]
  0x0000027dfc825b10 JavaThread "Cache worker for file hash cache (D:\projects\RasberryClient\.gradle\8.8\fileHashes)"        [_thread_blocked, id=35772, stack(0x0000009869e00000,0x0000009869f00000) (1024K)]
  0x0000027dfc828270 JavaThread "Cache worker for checksums cache (D:\projects\RasberryClient\.gradle\8.8\checksums)"        [_thread_blocked, id=40420, stack(0x0000009869f00000,0x000000986a000000) (1024K)]
  0x0000027dfc824df0 JavaThread "Cache worker for cache directory md-rule (C:\Users\jahanbin\.gradle\caches\8.8\md-rule)"        [_thread_blocked, id=36896, stack(0x000000986a000000,0x000000986a100000) (1024K)]
  0x0000027dfc829cb0 JavaThread "Cache worker for cache directory md-supplier (C:\Users\jahanbin\.gradle\caches\8.8\md-supplier)"        [_thread_blocked, id=40820, stack(0x000000986a200000,0x000000986a300000) (1024K)]
  0x0000027d9a1b5b10 JavaThread "Unconstrained build operations"        [_thread_blocked, id=37056, stack(0x000000986d000000,0x000000986d100000) (1024K)]
  0x0000027d9a1b61a0 JavaThread "Cache worker for Build Output Cleanup Cache (D:\projects\RasberryClient\.gradle\buildOutputCleanup)"        [_thread_blocked, id=26840, stack(0x000000986d100000,0x000000986d200000) (1024K)]
  0x0000027d9a1b7550 JavaThread "Unconstrained build operations Thread 2"        [_thread_blocked, id=35944, stack(0x000000986d200000,0x000000986d300000) (1024K)]
  0x0000027dff2643a0 JavaThread "Unconstrained build operations Thread 3"        [_thread_blocked, id=28968, stack(0x000000986d300000,0x000000986d400000) (1024K)]
  0x0000027dff264a30 JavaThread "Unconstrained build operations Thread 4"        [_thread_blocked, id=22064, stack(0x000000986d400000,0x000000986d500000) (1024K)]
  0x0000027dff2650c0 JavaThread "Unconstrained build operations Thread 5"        [_thread_blocked, id=11948, stack(0x000000986d500000,0x000000986d600000) (1024K)]
  0x0000027dff265750 JavaThread "Unconstrained build operations Thread 6"        [_thread_blocked, id=40588, stack(0x000000986d600000,0x000000986d700000) (1024K)]
  0x0000027dff266470 JavaThread "Unconstrained build operations Thread 7"        [_thread_blocked, id=11728, stack(0x000000986d700000,0x000000986d800000) (1024K)]
  0x0000027dff265de0 JavaThread "Unconstrained build operations Thread 8"        [_thread_blocked, id=31860, stack(0x000000986d800000,0x000000986d900000) (1024K)]
  0x0000027dff266b00 JavaThread "Unconstrained build operations Thread 9"        [_thread_blocked, id=12772, stack(0x000000986d900000,0x000000986da00000) (1024K)]
  0x0000027dff267190 JavaThread "Unconstrained build operations Thread 10"        [_thread_blocked, id=14164, stack(0x000000986da00000,0x000000986db00000) (1024K)]
  0x0000027dff263d10 JavaThread "Unconstrained build operations Thread 11"        [_thread_blocked, id=40560, stack(0x000000986db00000,0x000000986dc00000) (1024K)]
  0x0000027dff267820 JavaThread "Unconstrained build operations Thread 12"        [_thread_blocked, id=33884, stack(0x000000986dc00000,0x000000986dd00000) (1024K)]
  0x0000027dff269f80 JavaThread "Unconstrained build operations Thread 13"        [_thread_blocked, id=31720, stack(0x000000986dd00000,0x000000986de00000) (1024K)]
  0x0000027dff2698f0 JavaThread "Unconstrained build operations Thread 14"        [_thread_blocked, id=40572, stack(0x000000986de00000,0x000000986df00000) (1024K)]
  0x0000027dff267eb0 JavaThread "Unconstrained build operations Thread 15"        [_thread_blocked, id=39360, stack(0x000000986df00000,0x000000986e000000) (1024K)]
  0x0000027dff268bd0 JavaThread "Unconstrained build operations Thread 16"        [_thread_blocked, id=35344, stack(0x000000986e000000,0x000000986e100000) (1024K)]
  0x0000027dfea32bf0 JavaThread "Unconstrained build operations Thread 17"        [_thread_blocked, id=24452, stack(0x000000986e100000,0x000000986e200000) (1024K)]
  0x0000027dfea33280 JavaThread "Unconstrained build operations Thread 18"        [_thread_blocked, id=4452, stack(0x000000986e200000,0x000000986e300000) (1024K)]
  0x0000027dfea2fe00 JavaThread "Unconstrained build operations Thread 19"        [_thread_blocked, id=18396, stack(0x000000986e300000,0x000000986e400000) (1024K)]
  0x0000027dfea30b20 JavaThread "Unconstrained build operations Thread 20"        [_thread_blocked, id=532, stack(0x000000986e400000,0x000000986e500000) (1024K)]
  0x0000027dfea34630 JavaThread "Unconstrained build operations Thread 21"        [_thread_blocked, id=39996, stack(0x000000986e600000,0x000000986e700000) (1024K)]
  0x0000027dfea31ed0 JavaThread "Unconstrained build operations Thread 22"        [_thread_blocked, id=41324, stack(0x000000986e700000,0x000000986e800000) (1024K)]
  0x0000027dfea311b0 JavaThread "Unconstrained build operations Thread 23"        [_thread_blocked, id=25516, stack(0x000000986e800000,0x000000986e900000) (1024K)]
  0x0000027dfea31840 JavaThread "Unconstrained build operations Thread 24"        [_thread_blocked, id=38360, stack(0x000000986e900000,0x000000986ea00000) (1024K)]
  0x0000027dfea37420 JavaThread "Unconstrained build operations Thread 25"        [_thread_blocked, id=22164, stack(0x000000986ea00000,0x000000986eb00000) (1024K)]
  0x0000027dfea35350 JavaThread "Unconstrained build operations Thread 26"        [_thread_blocked, id=23272, stack(0x000000986eb00000,0x000000986ec00000) (1024K)]
  0x0000027dfea359e0 JavaThread "Unconstrained build operations Thread 27"        [_thread_blocked, id=39148, stack(0x000000986ec00000,0x000000986ed00000) (1024K)]
  0x0000027dfea36070 JavaThread "Unconstrained build operations Thread 28"        [_thread_blocked, id=33164, stack(0x000000986ed00000,0x000000986ee00000) (1024K)]
  0x0000027dfce95340 JavaThread "Unconstrained build operations Thread 29"        [_thread_blocked, id=29864, stack(0x000000986ee00000,0x000000986ef00000) (1024K)]
  0x0000027dfce966f0 JavaThread "Unconstrained build operations Thread 30"        [_thread_blocked, id=34424, stack(0x000000986ef00000,0x000000986f000000) (1024K)]
  0x0000027dfce96060 JavaThread "Unconstrained build operations Thread 31"        [_thread_blocked, id=34820, stack(0x000000986f000000,0x000000986f100000) (1024K)]
  0x0000027dfce93270 JavaThread "Unconstrained build operations Thread 32"        [_thread_blocked, id=35352, stack(0x000000986f100000,0x000000986f200000) (1024K)]
  0x0000027dfce96d80 JavaThread "Unconstrained build operations Thread 33"        [_thread_blocked, id=41932, stack(0x000000986f200000,0x000000986f300000) (1024K)]
  0x0000027dfce93900 JavaThread "Unconstrained build operations Thread 34"        [_thread_blocked, id=32320, stack(0x000000986f300000,0x000000986f400000) (1024K)]
  0x0000027dfce97410 JavaThread "Unconstrained build operations Thread 35"        [_thread_blocked, id=30428, stack(0x000000986f400000,0x000000986f500000) (1024K)]
  0x0000027dfce93f90 JavaThread "Unconstrained build operations Thread 36"        [_thread_blocked, id=39596, stack(0x000000986f500000,0x000000986f600000) (1024K)]
  0x0000027dfce97aa0 JavaThread "Unconstrained build operations Thread 37"        [_thread_blocked, id=17280, stack(0x000000986f600000,0x000000986f700000) (1024K)]
  0x0000027dfce99b70 JavaThread "Unconstrained build operations Thread 38"        [_thread_blocked, id=34540, stack(0x000000986f700000,0x000000986f800000) (1024K)]
  0x0000027dfce98130 JavaThread "Unconstrained build operations Thread 39"        [_thread_blocked, id=36624, stack(0x000000986f800000,0x000000986f900000) (1024K)]
  0x0000027df5543310 JavaThread "build event listener"              [_thread_blocked, id=23396, stack(0x000000986f900000,0x000000986fa00000) (1024K)]
  0x0000027dfcf05b60 JavaThread "ForkJoinPool.commonPool-worker-11" daemon [_thread_blocked, id=38352, stack(0x000000986fa00000,0x000000986fb00000) (1024K)]
  0x0000027dfcf03a90 JavaThread "ForkJoinPool.commonPool-worker-12" daemon [_thread_blocked, id=37480, stack(0x000000986fb00000,0x000000986fc00000) (1024K)]
  0x0000027dfcf082c0 JavaThread "ForkJoinPool.commonPool-worker-13" daemon [_thread_blocked, id=41628, stack(0x000000986fc00000,0x000000986fd00000) (1024K)]
  0x0000027dfcf09670 JavaThread "ForkJoinPool.commonPool-worker-14" daemon [_thread_blocked, id=38672, stack(0x000000986fd00000,0x000000986fe00000) (1024K)]
  0x0000027dfcf075a0 JavaThread "ForkJoinPool.commonPool-worker-15" daemon [_thread_blocked, id=29504, stack(0x000000986fe00000,0x000000986ff00000) (1024K)]
  0x0000027dfcf07c30 JavaThread "ForkJoinPool.commonPool-worker-16" daemon [_thread_blocked, id=8776, stack(0x000000986ff00000,0x0000009870000000) (1024K)]
  0x0000027dfcf08950 JavaThread "ForkJoinPool.commonPool-worker-18" daemon [_thread_blocked, id=18492, stack(0x0000009870000000,0x0000009870100000) (1024K)]
  0x0000027dfcf08fe0 JavaThread "ForkJoinPool.commonPool-worker-17" daemon [_thread_blocked, id=39964, stack(0x0000009870100000,0x0000009870200000) (1024K)]
  0x0000027dfcf09d00 JavaThread "ForkJoinPool.commonPool-worker-19" daemon [_thread_blocked, id=27160, stack(0x0000009870200000,0x0000009870300000) (1024K)]
  0x0000027dfc826830 JavaThread "Unconstrained build operations Thread 40"        [_thread_blocked, id=30416, stack(0x000000986a700000,0x000000986a800000) (1024K)]
  0x0000027dfc826ec0 JavaThread "Unconstrained build operations Thread 41"        [_thread_blocked, id=17368, stack(0x000000986b400000,0x000000986b500000) (1024K)]
  0x0000027dfc82b6f0 JavaThread "Unconstrained build operations Thread 42"        [_thread_blocked, id=9176, stack(0x000000986c500000,0x000000986c600000) (1024K)]
  0x0000027dfc82b060 JavaThread "Unconstrained build operations Thread 43"        [_thread_blocked, id=12588, stack(0x000000986c700000,0x000000986c800000) (1024K)]
  0x0000027dfc82bd80 JavaThread "Unconstrained build operations Thread 44"        [_thread_blocked, id=11860, stack(0x000000986c800000,0x000000986c900000) (1024K)]
  0x0000027dfc82a340 JavaThread "Unconstrained build operations Thread 45"        [_thread_blocked, id=3188, stack(0x000000986cb00000,0x000000986cc00000) (1024K)]
  0x0000027dfc82c410 JavaThread "Unconstrained build operations Thread 46"        [_thread_blocked, id=37420, stack(0x000000986cc00000,0x000000986cd00000) (1024K)]
  0x0000027dfc82a9d0 JavaThread "Unconstrained build operations Thread 47"        [_thread_blocked, id=23224, stack(0x0000009870300000,0x0000009870400000) (1024K)]
  0x0000027df5544030 JavaThread "Unconstrained build operations Thread 48"        [_thread_blocked, id=11232, stack(0x0000009870400000,0x0000009870500000) (1024K)]
  0x0000027df5547b40 JavaThread "Unconstrained build operations Thread 49"        [_thread_blocked, id=9992, stack(0x0000009870500000,0x0000009870600000) (1024K)]
  0x0000027df55446c0 JavaThread "Unconstrained build operations Thread 50"        [_thread_blocked, id=34940, stack(0x0000009870600000,0x0000009870700000) (1024K)]
  0x0000027df55481d0 JavaThread "included builds"                   [_thread_blocked, id=32904, stack(0x000000986a100000,0x000000986a200000) (1024K)]
  0x0000027df5544d50 JavaThread "Execution worker"                  [_thread_in_native, id=5692, stack(0x0000009870700000,0x0000009870800000) (1024K)]
  0x0000027df5548860 JavaThread "Execution worker Thread 2"         [_thread_blocked, id=36680, stack(0x0000009870800000,0x0000009870900000) (1024K)]
  0x0000027df5545a70 JavaThread "Execution worker Thread 3"         [_thread_blocked, id=41508, stack(0x0000009870900000,0x0000009870a00000) (1024K)]
  0x0000027df554ca00 JavaThread "Execution worker Thread 4"         [_thread_blocked, id=38128, stack(0x0000009870a00000,0x0000009870b00000) (1024K)]
  0x0000027df5549580 JavaThread "Execution worker Thread 5"         [_thread_blocked, id=41124, stack(0x0000009870b00000,0x0000009870c00000) (1024K)]
  0x0000027df5549c10 JavaThread "Execution worker Thread 6"         [_thread_blocked, id=28816, stack(0x0000009870c00000,0x0000009870d00000) (1024K)]
  0x0000027df554bce0 JavaThread "Execution worker Thread 7"         [_thread_blocked, id=37188, stack(0x0000009870e00000,0x0000009870f00000) (1024K)]
  0x0000027df554b650 JavaThread "Execution worker Thread 8"         [_thread_blocked, id=11204, stack(0x0000009870f00000,0x0000009871000000) (1024K)]
  0x0000027df554a930 JavaThread "Execution worker Thread 9"         [_thread_blocked, id=32804, stack(0x0000009871000000,0x0000009871100000) (1024K)]
  0x0000027df554d090 JavaThread "Execution worker Thread 10"        [_thread_blocked, id=38164, stack(0x0000009871100000,0x0000009871200000) (1024K)]
  0x0000027df554d720 JavaThread "Execution worker Thread 11"        [_thread_blocked, id=34060, stack(0x0000009871200000,0x0000009871300000) (1024K)]
  0x0000027df554a2a0 JavaThread "Execution worker Thread 12"        [_thread_blocked, id=3356, stack(0x0000009871300000,0x0000009871400000) (1024K)]
  0x0000027df554ddb0 JavaThread "Execution worker Thread 13"        [_thread_blocked, id=14224, stack(0x0000009871400000,0x0000009871500000) (1024K)]
  0x0000027df554e440 JavaThread "Execution worker Thread 14"        [_thread_blocked, id=28224, stack(0x0000009871500000,0x0000009871600000) (1024K)]
  0x0000027df554afc0 JavaThread "Execution worker Thread 15"        [_thread_blocked, id=41352, stack(0x0000009871600000,0x0000009871700000) (1024K)]
  0x0000027df554fe80 JavaThread "Execution worker Thread 16"        [_thread_blocked, id=34908, stack(0x0000009871700000,0x0000009871800000) (1024K)]
  0x0000027df55518c0 JavaThread "Execution worker Thread 17"        [_thread_blocked, id=31976, stack(0x0000009871800000,0x0000009871900000) (1024K)]
  0x0000027df554f160 JavaThread "Execution worker Thread 18"        [_thread_blocked, id=13272, stack(0x0000009871900000,0x0000009871a00000) (1024K)]
  0x0000027df5551f50 JavaThread "Execution worker Thread 19"        [_thread_blocked, id=41532, stack(0x0000009871a00000,0x0000009871b00000) (1024K)]
  0x0000027df554ead0 JavaThread "Cache worker for execution history cache (D:\projects\RasberryClient\.gradle\8.8\executionHistory)"        [_thread_blocked, id=40528, stack(0x0000009871b00000,0x0000009871c00000) (1024K)]
Total: 134

Other Threads:
  0x0000027df5275080 VMThread "VM Thread"                           [id=33052, stack(0x0000009868600000,0x0000009868700000) (1024K)]
  0x0000027df5264980 WatcherThread "VM Periodic Task Thread"        [id=35852, stack(0x0000009868500000,0x0000009868600000) (1024K)]
  0x0000027dd976df20 WorkerThread "GC Thread#0"                     [id=41884, stack(0x0000009868000000,0x0000009868100000) (1024K)]
  0x0000027df5d4f570 WorkerThread "GC Thread#1"                     [id=40048, stack(0x0000009869400000,0x0000009869500000) (1024K)]
  0x0000027dfa338100 WorkerThread "GC Thread#2"                     [id=19760, stack(0x0000009869500000,0x0000009869600000) (1024K)]
  0x0000027df5889810 WorkerThread "GC Thread#3"                     [id=34744, stack(0x0000009869600000,0x0000009869700000) (1024K)]
  0x0000027df5889bb0 WorkerThread "GC Thread#4"                     [id=37200, stack(0x0000009869700000,0x0000009869800000) (1024K)]
  0x0000027dfa402d30 WorkerThread "GC Thread#5"                     [id=41100, stack(0x0000009869800000,0x0000009869900000) (1024K)]
  0x0000027dfdf8a740 WorkerThread "GC Thread#6"                     [id=35128, stack(0x000000986a800000,0x000000986a900000) (1024K)]
  0x0000027dfdf8aae0 WorkerThread "GC Thread#7"                     [id=25468, stack(0x000000986a900000,0x000000986aa00000) (1024K)]
  0x0000027dfdf8a000 WorkerThread "GC Thread#8"                     [id=32300, stack(0x000000986aa00000,0x000000986ab00000) (1024K)]
  0x0000027dfdf8b220 WorkerThread "GC Thread#9"                     [id=35048, stack(0x000000986ab00000,0x000000986ac00000) (1024K)]
  0x0000027dfdf8ae80 WorkerThread "GC Thread#10"                    [id=33452, stack(0x000000986ac00000,0x000000986ad00000) (1024K)]
  0x0000027dfdf89c60 WorkerThread "GC Thread#11"                    [id=6160, stack(0x000000986ad00000,0x000000986ae00000) (1024K)]
  0x0000027dfe7df020 WorkerThread "GC Thread#12"                    [id=38568, stack(0x000000986ae00000,0x000000986af00000) (1024K)]
  0x0000027dfe7df3c0 WorkerThread "GC Thread#13"                    [id=8600, stack(0x000000986af00000,0x000000986b000000) (1024K)]
  0x0000027dfe7dd320 WorkerThread "GC Thread#14"                    [id=13880, stack(0x000000986b000000,0x000000986b100000) (1024K)]
  0x0000027dd9773e20 ConcurrentGCThread "G1 Main Marker"            [id=10740, stack(0x0000009868100000,0x0000009868200000) (1024K)]
  0x0000027dd97756b0 WorkerThread "G1 Conc#0"                       [id=13432, stack(0x0000009868200000,0x0000009868300000) (1024K)]
  0x0000027dfe7dec80 WorkerThread "G1 Conc#1"                       [id=10500, stack(0x000000986b100000,0x000000986b200000) (1024K)]
  0x0000027dfe7dfb00 WorkerThread "G1 Conc#2"                       [id=24404, stack(0x000000986b200000,0x000000986b300000) (1024K)]
  0x0000027dfe7df760 WorkerThread "G1 Conc#3"                       [id=41232, stack(0x000000986b300000,0x000000986b400000) (1024K)]
  0x0000027dd97fe270 ConcurrentGCThread "G1 Refine#0"               [id=4728, stack(0x0000009868300000,0x0000009868400000) (1024K)]
  0x0000027df513aa50 ConcurrentGCThread "G1 Service"                [id=23544, stack(0x0000009868400000,0x0000009868500000) (1024K)]
Total: 24

Threads with active compile tasks:
Total: 0

VM state: not at safepoint (normal execution)

VM Mutex/Monitor currently owned by a thread: None

Heap address: 0x00000000e0000000, size: 512 MB, Compressed Oops mode: 32-bit

CDS archive(s) mapped at: [0x0000027d80000000-0x0000027d80c90000-0x0000027d80c90000), size 13172736, SharedBaseAddress: 0x0000027d80000000, ArchiveRelocationMode: 1.
Compressed class space mapped at: 0x0000027d81000000-0x0000027d95000000, reserved size: 335544320
Narrow klass base: 0x0000027d80000000, Narrow klass shift: 0, Narrow klass range: 0x100000000

GC Precious Log:
 CardTable entry size: 512
 Card Set container configuration: InlinePtr #cards 5 size 8 Array Of Cards #cards 12 size 40 Howl #buckets 4 coarsen threshold 1843 Howl Bitmap #cards 512 size 80 coarsen threshold 460 Card regions per heap region 1 cards per card region 2048
 CPUs: 20 total, 20 available
 Memory: 32509M
 Large Page Support: Disabled
 NUMA Support: Disabled
 Compressed Oops: Enabled (32-bit)
 Heap Region Size: 1M
 Heap Min Capacity: 256M
 Heap Initial Capacity: 256M
 Heap Max Capacity: 512M
 Pre-touch: Disabled
 Parallel Workers: 15
 Concurrent Workers: 4
 Concurrent Refinement Workers: 15
 Periodic GC: Disabled

Heap:
 garbage-first heap   total 442368K, used 343259K [0x00000000e0000000, 0x0000000100000000)
  region size 1024K, 107 young (109568K), 18 survivors (18432K)
 Metaspace       used 167029K, committed 168960K, reserved 524288K
  class space    used 21010K, committed 21952K, reserved 327680K

Heap Regions: E=young(eden), S=young(survivor), O=old, HS=humongous(starts), HC=humongous(continues), CS=collection set, F=free, TAMS=top-at-mark-start, PB=parsable bottom
|   0|0x00000000e0000000, 0x00000000e0100000, 0x00000000e0100000|100%|HS|  |TAMS 0x00000000e0000000| PB 0x00000000e0000000| Complete 
|   1|0x00000000e0100000, 0x00000000e0200000, 0x00000000e0200000|100%|HC|  |TAMS 0x00000000e0100000| PB 0x00000000e0100000| Complete 
|   2|0x00000000e0200000, 0x00000000e0300000, 0x00000000e0300000|100%|HC|  |TAMS 0x00000000e0200000| PB 0x00000000e0200000| Complete 
|   3|0x00000000e0300000, 0x00000000e0400000, 0x00000000e0400000|100%|HC|  |TAMS 0x00000000e0300000| PB 0x00000000e0300000| Complete 
|   4|0x00000000e0400000, 0x00000000e0500000, 0x00000000e0500000|100%| O|  |TAMS 0x00000000e0400000| PB 0x00000000e0400000| Untracked 
|   5|0x00000000e0500000, 0x00000000e0600000, 0x00000000e0600000|100%| O|  |TAMS 0x00000000e0500000| PB 0x00000000e0500000| Untracked 
|   6|0x00000000e0600000, 0x00000000e0700000, 0x00000000e0700000|100%| O|  |TAMS 0x00000000e0600000| PB 0x00000000e0600000| Untracked 
|   7|0x00000000e0700000, 0x00000000e0800000, 0x00000000e0800000|100%| O|  |TAMS 0x00000000e0700000| PB 0x00000000e0700000| Untracked 
|   8|0x00000000e0800000, 0x00000000e0900000, 0x00000000e0900000|100%| O|  |TAMS 0x00000000e0800000| PB 0x00000000e0800000| Untracked 
|   9|0x00000000e0900000, 0x00000000e0a00000, 0x00000000e0a00000|100%| O|  |TAMS 0x00000000e0900000| PB 0x00000000e0900000| Untracked 
|  10|0x00000000e0a00000, 0x00000000e0b00000, 0x00000000e0b00000|100%| O|  |TAMS 0x00000000e0a00000| PB 0x00000000e0a00000| Untracked 
|  11|0x00000000e0b00000, 0x00000000e0c00000, 0x00000000e0c00000|100%|HS|  |TAMS 0x00000000e0b00000| PB 0x00000000e0b00000| Complete 
|  12|0x00000000e0c00000, 0x00000000e0d00000, 0x00000000e0d00000|100%|HS|  |TAMS 0x00000000e0c00000| PB 0x00000000e0c00000| Complete 
|  13|0x00000000e0d00000, 0x00000000e0e00000, 0x00000000e0e00000|100%|HC|  |TAMS 0x00000000e0d00000| PB 0x00000000e0d00000| Complete 
|  14|0x00000000e0e00000, 0x00000000e0f00000, 0x00000000e0f00000|100%|HC|  |TAMS 0x00000000e0e00000| PB 0x00000000e0e00000| Complete 
|  15|0x00000000e0f00000, 0x00000000e1000000, 0x00000000e1000000|100%|HC|  |TAMS 0x00000000e0f00000| PB 0x00000000e0f00000| Complete 
|  16|0x00000000e1000000, 0x00000000e1100000, 0x00000000e1100000|100%|HC|  |TAMS 0x00000000e1000000| PB 0x00000000e1000000| Complete 
|  17|0x00000000e1100000, 0x00000000e1200000, 0x00000000e1200000|100%|HC|  |TAMS 0x00000000e1100000| PB 0x00000000e1100000| Complete 
|  18|0x00000000e1200000, 0x00000000e1300000, 0x00000000e1300000|100%|HS|  |TAMS 0x00000000e1200000| PB 0x00000000e1200000| Complete 
|  19|0x00000000e1300000, 0x00000000e1400000, 0x00000000e1400000|100%|HC|  |TAMS 0x00000000e1300000| PB 0x00000000e1300000| Complete 
|  20|0x00000000e1400000, 0x00000000e1500000, 0x00000000e1500000|100%|HC|  |TAMS 0x00000000e1400000| PB 0x00000000e1400000| Complete 
|  21|0x00000000e1500000, 0x00000000e1600000, 0x00000000e1600000|100%|HS|  |TAMS 0x00000000e1500000| PB 0x00000000e1500000| Complete 
|  22|0x00000000e1600000, 0x00000000e1700000, 0x00000000e1700000|100%|HC|  |TAMS 0x00000000e1600000| PB 0x00000000e1600000| Complete 
|  23|0x00000000e1700000, 0x00000000e1800000, 0x00000000e1800000|100%|HS|  |TAMS 0x00000000e1700000| PB 0x00000000e1700000| Complete 
|  24|0x00000000e1800000, 0x00000000e1900000, 0x00000000e1900000|100%| O|  |TAMS 0x00000000e1800000| PB 0x00000000e1800000| Untracked 
|  25|0x00000000e1900000, 0x00000000e1a00000, 0x00000000e1a00000|100%| O|  |TAMS 0x00000000e1900000| PB 0x00000000e1900000| Untracked 
|  26|0x00000000e1a00000, 0x00000000e1b00000, 0x00000000e1b00000|100%| O|  |TAMS 0x00000000e1a00000| PB 0x00000000e1a00000| Untracked 
|  27|0x00000000e1b00000, 0x00000000e1c00000, 0x00000000e1c00000|100%| O|  |TAMS 0x00000000e1b00000| PB 0x00000000e1b00000| Untracked 
|  28|0x00000000e1c00000, 0x00000000e1d00000, 0x00000000e1d00000|100%| O|  |TAMS 0x00000000e1c00000| PB 0x00000000e1c00000| Untracked 
|  29|0x00000000e1d00000, 0x00000000e1e00000, 0x00000000e1e00000|100%| O|  |TAMS 0x00000000e1d00000| PB 0x00000000e1d00000| Untracked 
|  30|0x00000000e1e00000, 0x00000000e1f00000, 0x00000000e1f00000|100%| O|  |TAMS 0x00000000e1e00000| PB 0x00000000e1e00000| Untracked 
|  31|0x00000000e1f00000, 0x00000000e2000000, 0x00000000e2000000|100%| O|  |TAMS 0x00000000e1f00000| PB 0x00000000e1f00000| Untracked 
|  32|0x00000000e2000000, 0x00000000e2100000, 0x00000000e2100000|100%| O|  |TAMS 0x00000000e2000000| PB 0x00000000e2000000| Untracked 
|  33|0x00000000e2100000, 0x00000000e2200000, 0x00000000e2200000|100%| O|  |TAMS 0x00000000e2100000| PB 0x00000000e2100000| Untracked 
|  34|0x00000000e2200000, 0x00000000e2300000, 0x00000000e2300000|100%| O|  |TAMS 0x00000000e2200000| PB 0x00000000e2200000| Untracked 
|  35|0x00000000e2300000, 0x00000000e2400000, 0x00000000e2400000|100%| O|  |TAMS 0x00000000e2300000| PB 0x00000000e2300000| Untracked 
|  36|0x00000000e2400000, 0x00000000e2500000, 0x00000000e2500000|100%| O|  |TAMS 0x00000000e2400000| PB 0x00000000e2400000| Untracked 
|  37|0x00000000e2500000, 0x00000000e2600000, 0x00000000e2600000|100%| O|  |TAMS 0x00000000e2500000| PB 0x00000000e2500000| Untracked 
|  38|0x00000000e2600000, 0x00000000e2700000, 0x00000000e2700000|100%| O|  |TAMS 0x00000000e2600000| PB 0x00000000e2600000| Untracked 
|  39|0x00000000e2700000, 0x00000000e2800000, 0x00000000e2800000|100%| O|  |TAMS 0x00000000e2700000| PB 0x00000000e2700000| Untracked 
|  40|0x00000000e2800000, 0x00000000e2900000, 0x00000000e2900000|100%| O|  |TAMS 0x00000000e2800000| PB 0x00000000e2800000| Untracked 
|  41|0x00000000e2900000, 0x00000000e2a00000, 0x00000000e2a00000|100%|HS|  |TAMS 0x00000000e2900000| PB 0x00000000e2900000| Complete 
|  42|0x00000000e2a00000, 0x00000000e2b00000, 0x00000000e2b00000|100%|HC|  |TAMS 0x00000000e2a00000| PB 0x00000000e2a00000| Complete 
|  43|0x00000000e2b00000, 0x00000000e2c00000, 0x00000000e2c00000|100%|HC|  |TAMS 0x00000000e2b00000| PB 0x00000000e2b00000| Complete 
|  44|0x00000000e2c00000, 0x00000000e2d00000, 0x00000000e2d00000|100%|HC|  |TAMS 0x00000000e2c00000| PB 0x00000000e2c00000| Complete 
|  45|0x00000000e2d00000, 0x00000000e2e00000, 0x00000000e2e00000|100%|HC|  |TAMS 0x00000000e2d00000| PB 0x00000000e2d00000| Complete 
|  46|0x00000000e2e00000, 0x00000000e2f00000, 0x00000000e2f00000|100%|HC|  |TAMS 0x00000000e2e00000| PB 0x00000000e2e00000| Complete 
|  47|0x00000000e2f00000, 0x00000000e3000000, 0x00000000e3000000|100%|HS|  |TAMS 0x00000000e2f00000| PB 0x00000000e2f00000| Complete 
|  48|0x00000000e3000000, 0x00000000e3100000, 0x00000000e3100000|100%|HC|  |TAMS 0x00000000e3000000| PB 0x00000000e3000000| Complete 
|  49|0x00000000e3100000, 0x00000000e3200000, 0x00000000e3200000|100%|HS|  |TAMS 0x00000000e3100000| PB 0x00000000e3100000| Complete 
|  50|0x00000000e3200000, 0x00000000e3300000, 0x00000000e3300000|100%|HC|  |TAMS 0x00000000e3200000| PB 0x00000000e3200000| Complete 
|  51|0x00000000e3300000, 0x00000000e3400000, 0x00000000e3400000|100%|HC|  |TAMS 0x00000000e3300000| PB 0x00000000e3300000| Complete 
|  52|0x00000000e3400000, 0x00000000e3500000, 0x00000000e3500000|100%|HC|  |TAMS 0x00000000e3400000| PB 0x00000000e3400000| Complete 
|  53|0x00000000e3500000, 0x00000000e3600000, 0x00000000e3600000|100%|HC|  |TAMS 0x00000000e3500000| PB 0x00000000e3500000| Complete 
|  54|0x00000000e3600000, 0x00000000e3700000, 0x00000000e3700000|100%|HC|  |TAMS 0x00000000e3600000| PB 0x00000000e3600000| Complete 
|  55|0x00000000e3700000, 0x00000000e3800000, 0x00000000e3800000|100%| O|  |TAMS 0x00000000e3700000| PB 0x00000000e3700000| Untracked 
|  56|0x00000000e3800000, 0x00000000e3900000, 0x00000000e3900000|100%| O|  |TAMS 0x00000000e3800000| PB 0x00000000e3800000| Untracked 
|  57|0x00000000e3900000, 0x00000000e3a00000, 0x00000000e3a00000|100%| O|  |TAMS 0x00000000e3900000| PB 0x00000000e3900000| Untracked 
|  58|0x00000000e3a00000, 0x00000000e3b00000, 0x00000000e3b00000|100%| O|  |TAMS 0x00000000e3a00000| PB 0x00000000e3a00000| Untracked 
|  59|0x00000000e3b00000, 0x00000000e3c00000, 0x00000000e3c00000|100%| O|  |TAMS 0x00000000e3b00000| PB 0x00000000e3b00000| Untracked 
|  60|0x00000000e3c00000, 0x00000000e3d00000, 0x00000000e3d00000|100%| O|  |TAMS 0x00000000e3c00000| PB 0x00000000e3c00000| Untracked 
|  61|0x00000000e3d00000, 0x00000000e3e00000, 0x00000000e3e00000|100%| O|Cm|TAMS 0x00000000e3d00000| PB 0x00000000e3d00000| Complete 
|  62|0x00000000e3e00000, 0x00000000e3f00000, 0x00000000e3f00000|100%| O|  |TAMS 0x00000000e3e00000| PB 0x00000000e3e00000| Untracked 
|  63|0x00000000e3f00000, 0x00000000e4000000, 0x00000000e4000000|100%| O|  |TAMS 0x00000000e3f00000| PB 0x00000000e3f00000| Untracked 
|  64|0x00000000e4000000, 0x00000000e4100000, 0x00000000e4100000|100%| O|  |TAMS 0x00000000e4000000| PB 0x00000000e4000000| Untracked 
|  65|0x00000000e4100000, 0x00000000e4200000, 0x00000000e4200000|100%| O|  |TAMS 0x00000000e4100000| PB 0x00000000e4100000| Untracked 
|  66|0x00000000e4200000, 0x00000000e4300000, 0x00000000e4300000|100%| O|  |TAMS 0x00000000e4200000| PB 0x00000000e4200000| Untracked 
|  67|0x00000000e4300000, 0x00000000e4400000, 0x00000000e4400000|100%| O|  |TAMS 0x00000000e4300000| PB 0x00000000e4300000| Untracked 
|  68|0x00000000e4400000, 0x00000000e4500000, 0x00000000e4500000|100%| O|  |TAMS 0x00000000e4400000| PB 0x00000000e4400000| Untracked 
|  69|0x00000000e4500000, 0x00000000e4600000, 0x00000000e4600000|100%| O|  |TAMS 0x00000000e4500000| PB 0x00000000e4500000| Untracked 
|  70|0x00000000e4600000, 0x00000000e4700000, 0x00000000e4700000|100%| O|  |TAMS 0x00000000e4600000| PB 0x00000000e4600000| Untracked 
|  71|0x00000000e4700000, 0x00000000e4800000, 0x00000000e4800000|100%| O|  |TAMS 0x00000000e4700000| PB 0x00000000e4700000| Untracked 
|  72|0x00000000e4800000, 0x00000000e4900000, 0x00000000e4900000|100%| O|  |TAMS 0x00000000e4800000| PB 0x00000000e4800000| Untracked 
|  73|0x00000000e4900000, 0x00000000e4a00000, 0x00000000e4a00000|100%| O|  |TAMS 0x00000000e4900000| PB 0x00000000e4900000| Untracked 
|  74|0x00000000e4a00000, 0x00000000e4b00000, 0x00000000e4b00000|100%| O|  |TAMS 0x00000000e4a00000| PB 0x00000000e4a00000| Untracked 
|  75|0x00000000e4b00000, 0x00000000e4c00000, 0x00000000e4c00000|100%|HS|  |TAMS 0x00000000e4b00000| PB 0x00000000e4b00000| Complete 
|  76|0x00000000e4c00000, 0x00000000e4d00000, 0x00000000e4d00000|100%|HC|  |TAMS 0x00000000e4c00000| PB 0x00000000e4c00000| Complete 
|  77|0x00000000e4d00000, 0x00000000e4e00000, 0x00000000e4e00000|100%|HS|  |TAMS 0x00000000e4d00000| PB 0x00000000e4d00000| Complete 
|  78|0x00000000e4e00000, 0x00000000e4f00000, 0x00000000e4f00000|100%|HC|  |TAMS 0x00000000e4e00000| PB 0x00000000e4e00000| Complete 
|  79|0x00000000e4f00000, 0x00000000e5000000, 0x00000000e5000000|100%| O|  |TAMS 0x00000000e4f00000| PB 0x00000000e4f00000| Untracked 
|  80|0x00000000e5000000, 0x00000000e5100000, 0x00000000e5100000|100%| O|  |TAMS 0x00000000e5000000| PB 0x00000000e5000000| Untracked 
|  81|0x00000000e5100000, 0x00000000e5200000, 0x00000000e5200000|100%| O|  |TAMS 0x00000000e5100000| PB 0x00000000e5100000| Untracked 
|  82|0x00000000e5200000, 0x00000000e5300000, 0x00000000e5300000|100%| O|  |TAMS 0x00000000e5200000| PB 0x00000000e5200000| Untracked 
|  83|0x00000000e5300000, 0x00000000e5400000, 0x00000000e5400000|100%| O|  |TAMS 0x00000000e5300000| PB 0x00000000e5300000| Untracked 
|  84|0x00000000e5400000, 0x00000000e5500000, 0x00000000e5500000|100%| O|  |TAMS 0x00000000e5400000| PB 0x00000000e5400000| Untracked 
|  85|0x00000000e5500000, 0x00000000e5600000, 0x00000000e5600000|100%| O|  |TAMS 0x00000000e5500000| PB 0x00000000e5500000| Untracked 
|  86|0x00000000e5600000, 0x00000000e5700000, 0x00000000e5700000|100%|HS|  |TAMS 0x00000000e5600000| PB 0x00000000e5600000| Complete 
|  87|0x00000000e5700000, 0x00000000e5800000, 0x00000000e5800000|100%|HC|  |TAMS 0x00000000e5700000| PB 0x00000000e5700000| Complete 
|  88|0x00000000e5800000, 0x00000000e5900000, 0x00000000e5900000|100%|HC|  |TAMS 0x00000000e5800000| PB 0x00000000e5800000| Complete 
|  89|0x00000000e5900000, 0x00000000e5a00000, 0x00000000e5a00000|100%|HC|  |TAMS 0x00000000e5900000| PB 0x00000000e5900000| Complete 
|  90|0x00000000e5a00000, 0x00000000e5b00000, 0x00000000e5b00000|100%|HS|  |TAMS 0x00000000e5a00000| PB 0x00000000e5a00000| Complete 
|  91|0x00000000e5b00000, 0x00000000e5c00000, 0x00000000e5c00000|100%|HC|  |TAMS 0x00000000e5b00000| PB 0x00000000e5b00000| Complete 
|  92|0x00000000e5c00000, 0x00000000e5d00000, 0x00000000e5d00000|100%|HC|  |TAMS 0x00000000e5c00000| PB 0x00000000e5c00000| Complete 
|  93|0x00000000e5d00000, 0x00000000e5e00000, 0x00000000e5e00000|100%|HC|  |TAMS 0x00000000e5d00000| PB 0x00000000e5d00000| Complete 
|  94|0x00000000e5e00000, 0x00000000e5f00000, 0x00000000e5f00000|100%| O|  |TAMS 0x00000000e5e00000| PB 0x00000000e5e00000| Untracked 
|  95|0x00000000e5f00000, 0x00000000e6000000, 0x00000000e6000000|100%| O|  |TAMS 0x00000000e5f00000| PB 0x00000000e5f00000| Untracked 
|  96|0x00000000e6000000, 0x00000000e6100000, 0x00000000e6100000|100%| O|  |TAMS 0x00000000e6000000| PB 0x00000000e6000000| Untracked 
|  97|0x00000000e6100000, 0x00000000e6200000, 0x00000000e6200000|100%| O|  |TAMS 0x00000000e6100000| PB 0x00000000e6100000| Untracked 
|  98|0x00000000e6200000, 0x00000000e6300000, 0x00000000e6300000|100%| O|  |TAMS 0x00000000e6200000| PB 0x00000000e6200000| Untracked 
|  99|0x00000000e6300000, 0x00000000e6400000, 0x00000000e6400000|100%| O|  |TAMS 0x00000000e6300000| PB 0x00000000e6300000| Untracked 
| 100|0x00000000e6400000, 0x00000000e6500000, 0x00000000e6500000|100%| O|  |TAMS 0x00000000e6400000| PB 0x00000000e6400000| Untracked 
| 101|0x00000000e6500000, 0x00000000e6600000, 0x00000000e6600000|100%| O|Cm|TAMS 0x00000000e6500000| PB 0x00000000e6500000| Complete 
| 102|0x00000000e6600000, 0x00000000e6700000, 0x00000000e6700000|100%| O|  |TAMS 0x00000000e6600000| PB 0x00000000e6600000| Untracked 
| 103|0x00000000e6700000, 0x00000000e6800000, 0x00000000e6800000|100%| O|  |TAMS 0x00000000e6700000| PB 0x00000000e6700000| Untracked 
| 104|0x00000000e6800000, 0x00000000e6900000, 0x00000000e6900000|100%| O|  |TAMS 0x00000000e6800000| PB 0x00000000e6800000| Untracked 
| 105|0x00000000e6900000, 0x00000000e6a00000, 0x00000000e6a00000|100%| O|  |TAMS 0x00000000e6900000| PB 0x00000000e6900000| Untracked 
| 106|0x00000000e6a00000, 0x00000000e6b00000, 0x00000000e6b00000|100%| O|  |TAMS 0x00000000e6a00000| PB 0x00000000e6a00000| Untracked 
| 107|0x00000000e6b00000, 0x00000000e6c00000, 0x00000000e6c00000|100%| O|  |TAMS 0x00000000e6b00000| PB 0x00000000e6b00000| Untracked 
| 108|0x00000000e6c00000, 0x00000000e6d00000, 0x00000000e6d00000|100%|HS|  |TAMS 0x00000000e6c00000| PB 0x00000000e6c00000| Complete 
| 109|0x00000000e6d00000, 0x00000000e6e00000, 0x00000000e6e00000|100%| O|  |TAMS 0x00000000e6d00000| PB 0x00000000e6d00000| Untracked 
| 110|0x00000000e6e00000, 0x00000000e6f00000, 0x00000000e6f00000|100%| O|  |TAMS 0x00000000e6e00000| PB 0x00000000e6e00000| Untracked 
| 111|0x00000000e6f00000, 0x00000000e7000000, 0x00000000e7000000|100%| O|  |TAMS 0x00000000e6f00000| PB 0x00000000e6f00000| Untracked 
| 112|0x00000000e7000000, 0x00000000e7100000, 0x00000000e7100000|100%| O|  |TAMS 0x00000000e7000000| PB 0x00000000e7000000| Untracked 
| 113|0x00000000e7100000, 0x00000000e7200000, 0x00000000e7200000|100%| O|  |TAMS 0x00000000e7100000| PB 0x00000000e7100000| Untracked 
| 114|0x00000000e7200000, 0x00000000e7300000, 0x00000000e7300000|100%| O|  |TAMS 0x00000000e7200000| PB 0x00000000e7200000| Untracked 
| 115|0x00000000e7300000, 0x00000000e7400000, 0x00000000e7400000|100%| O|  |TAMS 0x00000000e7300000| PB 0x00000000e7300000| Untracked 
| 116|0x00000000e7400000, 0x00000000e7500000, 0x00000000e7500000|100%| O|  |TAMS 0x00000000e7400000| PB 0x00000000e7400000| Untracked 
| 117|0x00000000e7500000, 0x00000000e7600000, 0x00000000e7600000|100%| O|  |TAMS 0x00000000e7500000| PB 0x00000000e7500000| Untracked 
| 118|0x00000000e7600000, 0x00000000e7700000, 0x00000000e7700000|100%| O|  |TAMS 0x00000000e7600000| PB 0x00000000e7600000| Untracked 
| 119|0x00000000e7700000, 0x00000000e7800000, 0x00000000e7800000|100%| O|  |TAMS 0x00000000e7700000| PB 0x00000000e7700000| Untracked 
| 120|0x00000000e7800000, 0x00000000e7900000, 0x00000000e7900000|100%| O|  |TAMS 0x00000000e7800000| PB 0x00000000e7800000| Untracked 
| 121|0x00000000e7900000, 0x00000000e7a00000, 0x00000000e7a00000|100%| O|  |TAMS 0x00000000e7900000| PB 0x00000000e7900000| Untracked 
| 122|0x00000000e7a00000, 0x00000000e7b00000, 0x00000000e7b00000|100%| O|  |TAMS 0x00000000e7a00000| PB 0x00000000e7a00000| Untracked 
| 123|0x00000000e7b00000, 0x00000000e7c00000, 0x00000000e7c00000|100%| O|  |TAMS 0x00000000e7b00000| PB 0x00000000e7b00000| Untracked 
| 124|0x00000000e7c00000, 0x00000000e7d00000, 0x00000000e7d00000|100%| O|  |TAMS 0x00000000e7c00000| PB 0x00000000e7c00000| Untracked 
| 125|0x00000000e7d00000, 0x00000000e7e00000, 0x00000000e7e00000|100%| O|  |TAMS 0x00000000e7d00000| PB 0x00000000e7d00000| Untracked 
| 126|0x00000000e7e00000, 0x00000000e7f00000, 0x00000000e7f00000|100%| O|Cm|TAMS 0x00000000e7e00000| PB 0x00000000e7e00000| Complete 
| 127|0x00000000e7f00000, 0x00000000e8000000, 0x00000000e8000000|100%| O|  |TAMS 0x00000000e7f00000| PB 0x00000000e7f00000| Untracked 
| 128|0x00000000e8000000, 0x00000000e8000000, 0x00000000e8100000|  0%| F|  |TAMS 0x00000000e8000000| PB 0x00000000e8000000| Untracked 
| 129|0x00000000e8100000, 0x00000000e8200000, 0x00000000e8200000|100%| O|  |TAMS 0x00000000e8100000| PB 0x00000000e8100000| Untracked 
| 130|0x00000000e8200000, 0x00000000e8300000, 0x00000000e8300000|100%| O|  |TAMS 0x00000000e8200000| PB 0x00000000e8200000| Untracked 
| 131|0x00000000e8300000, 0x00000000e8400000, 0x00000000e8400000|100%| O|  |TAMS 0x00000000e8300000| PB 0x00000000e8300000| Untracked 
| 132|0x00000000e8400000, 0x00000000e8500000, 0x00000000e8500000|100%| O|Cm|TAMS 0x00000000e8400000| PB 0x00000000e8400000| Complete 
| 133|0x00000000e8500000, 0x00000000e8600000, 0x00000000e8600000|100%| O|  |TAMS 0x00000000e8500000| PB 0x00000000e8500000| Untracked 
| 134|0x00000000e8600000, 0x00000000e8700000, 0x00000000e8700000|100%| O|  |TAMS 0x00000000e8600000| PB 0x00000000e8600000| Untracked 
| 135|0x00000000e8700000, 0x00000000e8800000, 0x00000000e8800000|100%| O|  |TAMS 0x00000000e8700000| PB 0x00000000e8700000| Untracked 
| 136|0x00000000e8800000, 0x00000000e8900000, 0x00000000e8900000|100%| O|  |TAMS 0x00000000e8800000| PB 0x00000000e8800000| Untracked 
| 137|0x00000000e8900000, 0x00000000e8a00000, 0x00000000e8a00000|100%| O|  |TAMS 0x00000000e8900000| PB 0x00000000e8900000| Untracked 
| 138|0x00000000e8a00000, 0x00000000e8b00000, 0x00000000e8b00000|100%| O|  |TAMS 0x00000000e8a00000| PB 0x00000000e8a00000| Untracked 
| 139|0x00000000e8b00000, 0x00000000e8c00000, 0x00000000e8c00000|100%| O|  |TAMS 0x00000000e8b00000| PB 0x00000000e8b00000| Untracked 
| 140|0x00000000e8c00000, 0x00000000e8d00000, 0x00000000e8d00000|100%| O|  |TAMS 0x00000000e8c00000| PB 0x00000000e8c00000| Untracked 
| 141|0x00000000e8d00000, 0x00000000e8e00000, 0x00000000e8e00000|100%| O|Cm|TAMS 0x00000000e8d00000| PB 0x00000000e8d00000| Complete 
| 142|0x00000000e8e00000, 0x00000000e8e00000, 0x00000000e8f00000|  0%| F|  |TAMS 0x00000000e8e00000| PB 0x00000000e8e00000| Untracked 
| 143|0x00000000e8f00000, 0x00000000e9000000, 0x00000000e9000000|100%| O|Cm|TAMS 0x00000000e8f00000| PB 0x00000000e8f00000| Complete 
| 144|0x00000000e9000000, 0x00000000e9000000, 0x00000000e9100000|  0%| F|  |TAMS 0x00000000e9000000| PB 0x00000000e9000000| Untracked 
| 145|0x00000000e9100000, 0x00000000e9100000, 0x00000000e9200000|  0%| F|  |TAMS 0x00000000e9100000| PB 0x00000000e9100000| Untracked 
| 146|0x00000000e9200000, 0x00000000e9300000, 0x00000000e9300000|100%|HS|  |TAMS 0x00000000e9200000| PB 0x00000000e9200000| Complete 
| 147|0x00000000e9300000, 0x00000000e9400000, 0x00000000e9400000|100%|HC|  |TAMS 0x00000000e9300000| PB 0x00000000e9300000| Complete 
| 148|0x00000000e9400000, 0x00000000e9500000, 0x00000000e9500000|100%|HS|  |TAMS 0x00000000e9400000| PB 0x00000000e9400000| Complete 
| 149|0x00000000e9500000, 0x00000000e9600000, 0x00000000e9600000|100%|HC|  |TAMS 0x00000000e9500000| PB 0x00000000e9500000| Complete 
| 150|0x00000000e9600000, 0x00000000e9700000, 0x00000000e9700000|100%|HC|  |TAMS 0x00000000e9600000| PB 0x00000000e9600000| Complete 
| 151|0x00000000e9700000, 0x00000000e9800000, 0x00000000e9800000|100%|HC|  |TAMS 0x00000000e9700000| PB 0x00000000e9700000| Complete 
| 152|0x00000000e9800000, 0x00000000e9900000, 0x00000000e9900000|100%|HC|  |TAMS 0x00000000e9800000| PB 0x00000000e9800000| Complete 
| 153|0x00000000e9900000, 0x00000000e9a00000, 0x00000000e9a00000|100%|HC|  |TAMS 0x00000000e9900000| PB 0x00000000e9900000| Complete 
| 154|0x00000000e9a00000, 0x00000000e9b00000, 0x00000000e9b00000|100%|HS|  |TAMS 0x00000000e9a00000| PB 0x00000000e9a00000| Complete 
| 155|0x00000000e9b00000, 0x00000000e9c00000, 0x00000000e9c00000|100%|HC|  |TAMS 0x00000000e9b00000| PB 0x00000000e9b00000| Complete 
| 156|0x00000000e9c00000, 0x00000000e9d00000, 0x00000000e9d00000|100%|HC|  |TAMS 0x00000000e9c00000| PB 0x00000000e9c00000| Complete 
| 157|0x00000000e9d00000, 0x00000000e9e00000, 0x00000000e9e00000|100%|HS|  |TAMS 0x00000000e9d00000| PB 0x00000000e9d00000| Complete 
| 158|0x00000000e9e00000, 0x00000000e9f00000, 0x00000000e9f00000|100%|HC|  |TAMS 0x00000000e9e00000| PB 0x00000000e9e00000| Complete 
| 159|0x00000000e9f00000, 0x00000000ea000000, 0x00000000ea000000|100%|HS|  |TAMS 0x00000000e9f00000| PB 0x00000000e9f00000| Complete 
| 160|0x00000000ea000000, 0x00000000ea100000, 0x00000000ea100000|100%| O|  |TAMS 0x00000000ea000000| PB 0x00000000ea000000| Untracked 
| 161|0x00000000ea100000, 0x00000000ea14f998, 0x00000000ea200000| 31%| O|  |TAMS 0x00000000ea100000| PB 0x00000000ea100000| Untracked 
| 162|0x00000000ea200000, 0x00000000ea300000, 0x00000000ea300000|100%| O|  |TAMS 0x00000000ea200000| PB 0x00000000ea200000| Untracked 
| 163|0x00000000ea300000, 0x00000000ea300000, 0x00000000ea400000|  0%| F|  |TAMS 0x00000000ea300000| PB 0x00000000ea300000| Untracked 
| 164|0x00000000ea400000, 0x00000000ea400000, 0x00000000ea500000|  0%| F|  |TAMS 0x00000000ea400000| PB 0x00000000ea400000| Untracked 
| 165|0x00000000ea500000, 0x00000000ea500000, 0x00000000ea600000|  0%| F|  |TAMS 0x00000000ea500000| PB 0x00000000ea500000| Untracked 
| 166|0x00000000ea600000, 0x00000000ea600000, 0x00000000ea700000|  0%| F|  |TAMS 0x00000000ea600000| PB 0x00000000ea600000| Untracked 
| 167|0x00000000ea700000, 0x00000000ea700000, 0x00000000ea800000|  0%| F|  |TAMS 0x00000000ea700000| PB 0x00000000ea700000| Untracked 
| 168|0x00000000ea800000, 0x00000000ea900000, 0x00000000ea900000|100%| O|  |TAMS 0x00000000ea800000| PB 0x00000000ea800000| Untracked 
| 169|0x00000000ea900000, 0x00000000eaa00000, 0x00000000eaa00000|100%| O|  |TAMS 0x00000000ea900000| PB 0x00000000ea900000| Untracked 
| 170|0x00000000eaa00000, 0x00000000eaa00000, 0x00000000eab00000|  0%| F|  |TAMS 0x00000000eaa00000| PB 0x00000000eaa00000| Untracked 
| 171|0x00000000eab00000, 0x00000000eac00000, 0x00000000eac00000|100%| O|Cm|TAMS 0x00000000eab00000| PB 0x00000000eab00000| Complete 
| 172|0x00000000eac00000, 0x00000000eac00000, 0x00000000ead00000|  0%| F|  |TAMS 0x00000000eac00000| PB 0x00000000eac00000| Untracked 
| 173|0x00000000ead00000, 0x00000000ead00000, 0x00000000eae00000|  0%| F|  |TAMS 0x00000000ead00000| PB 0x00000000ead00000| Untracked 
| 174|0x00000000eae00000, 0x00000000eae00000, 0x00000000eaf00000|  0%| F|  |TAMS 0x00000000eae00000| PB 0x00000000eae00000| Untracked 
| 175|0x00000000eaf00000, 0x00000000eb000000, 0x00000000eb000000|100%| O|  |TAMS 0x00000000eaf00000| PB 0x00000000eaf00000| Untracked 
| 176|0x00000000eb000000, 0x00000000eb100000, 0x00000000eb100000|100%| O|  |TAMS 0x00000000eb000000| PB 0x00000000eb000000| Untracked 
| 177|0x00000000eb100000, 0x00000000eb200000, 0x00000000eb200000|100%| O|  |TAMS 0x00000000eb100000| PB 0x00000000eb100000| Untracked 
| 178|0x00000000eb200000, 0x00000000eb300000, 0x00000000eb300000|100%| O|  |TAMS 0x00000000eb200000| PB 0x00000000eb200000| Untracked 
| 179|0x00000000eb300000, 0x00000000eb400000, 0x00000000eb400000|100%| O|  |TAMS 0x00000000eb300000| PB 0x00000000eb300000| Untracked 
| 180|0x00000000eb400000, 0x00000000eb500000, 0x00000000eb500000|100%| O|  |TAMS 0x00000000eb400000| PB 0x00000000eb400000| Untracked 
| 181|0x00000000eb500000, 0x00000000eb600000, 0x00000000eb600000|100%| O|  |TAMS 0x00000000eb500000| PB 0x00000000eb500000| Untracked 
| 182|0x00000000eb600000, 0x00000000eb700000, 0x00000000eb700000|100%| O|  |TAMS 0x00000000eb600000| PB 0x00000000eb600000| Untracked 
| 183|0x00000000eb700000, 0x00000000eb800000, 0x00000000eb800000|100%| O|  |TAMS 0x00000000eb700000| PB 0x00000000eb700000| Untracked 
| 184|0x00000000eb800000, 0x00000000eb900000, 0x00000000eb900000|100%| O|  |TAMS 0x00000000eb800000| PB 0x00000000eb800000| Untracked 
| 185|0x00000000eb900000, 0x00000000eba00000, 0x00000000eba00000|100%| O|  |TAMS 0x00000000eb900000| PB 0x00000000eb900000| Untracked 
| 186|0x00000000eba00000, 0x00000000ebb00000, 0x00000000ebb00000|100%| O|  |TAMS 0x00000000eba00000| PB 0x00000000eba00000| Untracked 
| 187|0x00000000ebb00000, 0x00000000ebb00000, 0x00000000ebc00000|  0%| F|  |TAMS 0x00000000ebb00000| PB 0x00000000ebb00000| Untracked 
| 188|0x00000000ebc00000, 0x00000000ebc00000, 0x00000000ebd00000|  0%| F|  |TAMS 0x00000000ebc00000| PB 0x00000000ebc00000| Untracked 
| 189|0x00000000ebd00000, 0x00000000ebe00000, 0x00000000ebe00000|100%| O|  |TAMS 0x00000000ebd00000| PB 0x00000000ebd00000| Untracked 
| 190|0x00000000ebe00000, 0x00000000ebf00000, 0x00000000ebf00000|100%| O|  |TAMS 0x00000000ebe00000| PB 0x00000000ebe00000| Untracked 
| 191|0x00000000ebf00000, 0x00000000ec000000, 0x00000000ec000000|100%| O|  |TAMS 0x00000000ebf00000| PB 0x00000000ebf00000| Untracked 
| 192|0x00000000ec000000, 0x00000000ec100000, 0x00000000ec100000|100%| O|  |TAMS 0x00000000ec000000| PB 0x00000000ec000000| Untracked 
| 193|0x00000000ec100000, 0x00000000ec100000, 0x00000000ec200000|  0%| F|  |TAMS 0x00000000ec100000| PB 0x00000000ec100000| Untracked 
| 194|0x00000000ec200000, 0x00000000ec300000, 0x00000000ec300000|100%| O|  |TAMS 0x00000000ec200000| PB 0x00000000ec200000| Untracked 
| 195|0x00000000ec300000, 0x00000000ec400000, 0x00000000ec400000|100%| O|  |TAMS 0x00000000ec300000| PB 0x00000000ec300000| Untracked 
| 196|0x00000000ec400000, 0x00000000ec500000, 0x00000000ec500000|100%| O|  |TAMS 0x00000000ec400000| PB 0x00000000ec400000| Untracked 
| 197|0x00000000ec500000, 0x00000000ec500000, 0x00000000ec600000|  0%| F|  |TAMS 0x00000000ec500000| PB 0x00000000ec500000| Untracked 
| 198|0x00000000ec600000, 0x00000000ec700000, 0x00000000ec700000|100%| O|  |TAMS 0x00000000ec600000| PB 0x00000000ec600000| Untracked 
| 199|0x00000000ec700000, 0x00000000ec800000, 0x00000000ec800000|100%| O|  |TAMS 0x00000000ec700000| PB 0x00000000ec700000| Untracked 
| 200|0x00000000ec800000, 0x00000000ec900000, 0x00000000ec900000|100%| O|  |TAMS 0x00000000ec800000| PB 0x00000000ec800000| Untracked 
| 201|0x00000000ec900000, 0x00000000eca00000, 0x00000000eca00000|100%| O|Cm|TAMS 0x00000000ec900000| PB 0x00000000ec900000| Complete 
| 202|0x00000000eca00000, 0x00000000ecb00000, 0x00000000ecb00000|100%| O|  |TAMS 0x00000000eca00000| PB 0x00000000eca00000| Untracked 
| 203|0x00000000ecb00000, 0x00000000ecc00000, 0x00000000ecc00000|100%| O|  |TAMS 0x00000000ecb00000| PB 0x00000000ecb00000| Untracked 
| 204|0x00000000ecc00000, 0x00000000ecd00000, 0x00000000ecd00000|100%| O|  |TAMS 0x00000000ecc00000| PB 0x00000000ecc00000| Untracked 
| 205|0x00000000ecd00000, 0x00000000ece00000, 0x00000000ece00000|100%| O|  |TAMS 0x00000000ecd00000| PB 0x00000000ecd00000| Untracked 
| 206|0x00000000ece00000, 0x00000000ecf00000, 0x00000000ecf00000|100%| O|  |TAMS 0x00000000ece00000| PB 0x00000000ece00000| Untracked 
| 207|0x00000000ecf00000, 0x00000000ed000000, 0x00000000ed000000|100%| O|  |TAMS 0x00000000ecf00000| PB 0x00000000ecf00000| Untracked 
| 208|0x00000000ed000000, 0x00000000ed100000, 0x00000000ed100000|100%| O|  |TAMS 0x00000000ed000000| PB 0x00000000ed000000| Untracked 
| 209|0x00000000ed100000, 0x00000000ed200000, 0x00000000ed200000|100%| O|  |TAMS 0x00000000ed100000| PB 0x00000000ed100000| Untracked 
| 210|0x00000000ed200000, 0x00000000ed200000, 0x00000000ed300000|  0%| F|  |TAMS 0x00000000ed200000| PB 0x00000000ed200000| Untracked 
| 211|0x00000000ed300000, 0x00000000ed400000, 0x00000000ed400000|100%| O|  |TAMS 0x00000000ed300000| PB 0x00000000ed300000| Untracked 
| 212|0x00000000ed400000, 0x00000000ed500000, 0x00000000ed500000|100%| O|  |TAMS 0x00000000ed400000| PB 0x00000000ed400000| Untracked 
| 213|0x00000000ed500000, 0x00000000ed600000, 0x00000000ed600000|100%| O|  |TAMS 0x00000000ed500000| PB 0x00000000ed500000| Untracked 
| 214|0x00000000ed600000, 0x00000000ed700000, 0x00000000ed700000|100%| O|  |TAMS 0x00000000ed600000| PB 0x00000000ed600000| Untracked 
| 215|0x00000000ed700000, 0x00000000ed700000, 0x00000000ed800000|  0%| F|  |TAMS 0x00000000ed700000| PB 0x00000000ed700000| Untracked 
| 216|0x00000000ed800000, 0x00000000ed800000, 0x00000000ed900000|  0%| F|  |TAMS 0x00000000ed800000| PB 0x00000000ed800000| Untracked 
| 217|0x00000000ed900000, 0x00000000ed900000, 0x00000000eda00000|  0%| F|  |TAMS 0x00000000ed900000| PB 0x00000000ed900000| Untracked 
| 218|0x00000000eda00000, 0x00000000eda00000, 0x00000000edb00000|  0%| F|  |TAMS 0x00000000eda00000| PB 0x00000000eda00000| Untracked 
| 219|0x00000000edb00000, 0x00000000edb00000, 0x00000000edc00000|  0%| F|  |TAMS 0x00000000edb00000| PB 0x00000000edb00000| Untracked 
| 220|0x00000000edc00000, 0x00000000edc00000, 0x00000000edd00000|  0%| F|  |TAMS 0x00000000edc00000| PB 0x00000000edc00000| Untracked 
| 221|0x00000000edd00000, 0x00000000edd00000, 0x00000000ede00000|  0%| F|  |TAMS 0x00000000edd00000| PB 0x00000000edd00000| Untracked 
| 222|0x00000000ede00000, 0x00000000ede00000, 0x00000000edf00000|  0%| F|  |TAMS 0x00000000ede00000| PB 0x00000000ede00000| Untracked 
| 223|0x00000000edf00000, 0x00000000edf00000, 0x00000000ee000000|  0%| F|  |TAMS 0x00000000edf00000| PB 0x00000000edf00000| Untracked 
| 224|0x00000000ee000000, 0x00000000ee000000, 0x00000000ee100000|  0%| F|  |TAMS 0x00000000ee000000| PB 0x00000000ee000000| Untracked 
| 225|0x00000000ee100000, 0x00000000ee100000, 0x00000000ee200000|  0%| F|  |TAMS 0x00000000ee100000| PB 0x00000000ee100000| Untracked 
| 226|0x00000000ee200000, 0x00000000ee200000, 0x00000000ee300000|  0%| F|  |TAMS 0x00000000ee200000| PB 0x00000000ee200000| Untracked 
| 227|0x00000000ee300000, 0x00000000ee300000, 0x00000000ee400000|  0%| F|  |TAMS 0x00000000ee300000| PB 0x00000000ee300000| Untracked 
| 228|0x00000000ee400000, 0x00000000ee400000, 0x00000000ee500000|  0%| F|  |TAMS 0x00000000ee400000| PB 0x00000000ee400000| Untracked 
| 229|0x00000000ee500000, 0x00000000ee500000, 0x00000000ee600000|  0%| F|  |TAMS 0x00000000ee500000| PB 0x00000000ee500000| Untracked 
| 230|0x00000000ee600000, 0x00000000ee600000, 0x00000000ee700000|  0%| F|  |TAMS 0x00000000ee600000| PB 0x00000000ee600000| Untracked 
| 231|0x00000000ee700000, 0x00000000ee700000, 0x00000000ee800000|  0%| F|  |TAMS 0x00000000ee700000| PB 0x00000000ee700000| Untracked 
| 232|0x00000000ee800000, 0x00000000ee800000, 0x00000000ee900000|  0%| F|  |TAMS 0x00000000ee800000| PB 0x00000000ee800000| Untracked 
| 233|0x00000000ee900000, 0x00000000ee900000, 0x00000000eea00000|  0%| F|  |TAMS 0x00000000ee900000| PB 0x00000000ee900000| Untracked 
| 234|0x00000000eea00000, 0x00000000eea00000, 0x00000000eeb00000|  0%| F|  |TAMS 0x00000000eea00000| PB 0x00000000eea00000| Untracked 
| 235|0x00000000eeb00000, 0x00000000eeb00000, 0x00000000eec00000|  0%| F|  |TAMS 0x00000000eeb00000| PB 0x00000000eeb00000| Untracked 
| 236|0x00000000eec00000, 0x00000000eec00000, 0x00000000eed00000|  0%| F|  |TAMS 0x00000000eec00000| PB 0x00000000eec00000| Untracked 
| 237|0x00000000eed00000, 0x00000000eed00000, 0x00000000eee00000|  0%| F|  |TAMS 0x00000000eed00000| PB 0x00000000eed00000| Untracked 
| 238|0x00000000eee00000, 0x00000000eee00000, 0x00000000eef00000|  0%| F|  |TAMS 0x00000000eee00000| PB 0x00000000eee00000| Untracked 
| 239|0x00000000eef00000, 0x00000000eef00000, 0x00000000ef000000|  0%| F|  |TAMS 0x00000000eef00000| PB 0x00000000eef00000| Untracked 
| 240|0x00000000ef000000, 0x00000000ef000000, 0x00000000ef100000|  0%| F|  |TAMS 0x00000000ef000000| PB 0x00000000ef000000| Untracked 
| 241|0x00000000ef100000, 0x00000000ef100000, 0x00000000ef200000|  0%| F|  |TAMS 0x00000000ef100000| PB 0x00000000ef100000| Untracked 
| 242|0x00000000ef200000, 0x00000000ef200000, 0x00000000ef300000|  0%| F|  |TAMS 0x00000000ef200000| PB 0x00000000ef200000| Untracked 
| 243|0x00000000ef300000, 0x00000000ef300000, 0x00000000ef400000|  0%| F|  |TAMS 0x00000000ef300000| PB 0x00000000ef300000| Untracked 
| 244|0x00000000ef400000, 0x00000000ef4e7528, 0x00000000ef500000| 90%| S|CS|TAMS 0x00000000ef400000| PB 0x00000000ef400000| Complete 
| 245|0x00000000ef500000, 0x00000000ef600000, 0x00000000ef600000|100%| S|CS|TAMS 0x00000000ef500000| PB 0x00000000ef500000| Complete 
| 246|0x00000000ef600000, 0x00000000ef700000, 0x00000000ef700000|100%| S|CS|TAMS 0x00000000ef600000| PB 0x00000000ef600000| Complete 
| 247|0x00000000ef700000, 0x00000000ef800000, 0x00000000ef800000|100%| S|CS|TAMS 0x00000000ef700000| PB 0x00000000ef700000| Complete 
| 248|0x00000000ef800000, 0x00000000ef900000, 0x00000000ef900000|100%| S|CS|TAMS 0x00000000ef800000| PB 0x00000000ef800000| Complete 
| 249|0x00000000ef900000, 0x00000000efa00000, 0x00000000efa00000|100%| S|CS|TAMS 0x00000000ef900000| PB 0x00000000ef900000| Complete 
| 250|0x00000000efa00000, 0x00000000efb00000, 0x00000000efb00000|100%| S|CS|TAMS 0x00000000efa00000| PB 0x00000000efa00000| Complete 
| 251|0x00000000efb00000, 0x00000000efc00000, 0x00000000efc00000|100%| S|CS|TAMS 0x00000000efb00000| PB 0x00000000efb00000| Complete 
| 252|0x00000000efc00000, 0x00000000efd00000, 0x00000000efd00000|100%| S|CS|TAMS 0x00000000efc00000| PB 0x00000000efc00000| Complete 
| 253|0x00000000efd00000, 0x00000000efe00000, 0x00000000efe00000|100%| S|CS|TAMS 0x00000000efd00000| PB 0x00000000efd00000| Complete 
| 254|0x00000000efe00000, 0x00000000eff00000, 0x00000000eff00000|100%| S|CS|TAMS 0x00000000efe00000| PB 0x00000000efe00000| Complete 
| 255|0x00000000eff00000, 0x00000000f0000000, 0x00000000f0000000|100%| S|CS|TAMS 0x00000000eff00000| PB 0x00000000eff00000| Complete 
| 256|0x00000000f0000000, 0x00000000f0100000, 0x00000000f0100000|100%| S|CS|TAMS 0x00000000f0000000| PB 0x00000000f0000000| Complete 
| 257|0x00000000f0100000, 0x00000000f0200000, 0x00000000f0200000|100%| S|CS|TAMS 0x00000000f0100000| PB 0x00000000f0100000| Complete 
| 258|0x00000000f0200000, 0x00000000f0300000, 0x00000000f0300000|100%| S|CS|TAMS 0x00000000f0200000| PB 0x00000000f0200000| Complete 
| 259|0x00000000f0300000, 0x00000000f0400000, 0x00000000f0400000|100%| S|CS|TAMS 0x00000000f0300000| PB 0x00000000f0300000| Complete 
| 260|0x00000000f0400000, 0x00000000f0500000, 0x00000000f0500000|100%| S|CS|TAMS 0x00000000f0400000| PB 0x00000000f0400000| Complete 
| 261|0x00000000f0500000, 0x00000000f0600000, 0x00000000f0600000|100%| S|CS|TAMS 0x00000000f0500000| PB 0x00000000f0500000| Complete 
| 262|0x00000000f0600000, 0x00000000f0600000, 0x00000000f0700000|  0%| F|  |TAMS 0x00000000f0600000| PB 0x00000000f0600000| Untracked 
| 263|0x00000000f0700000, 0x00000000f0700000, 0x00000000f0800000|  0%| F|  |TAMS 0x00000000f0700000| PB 0x00000000f0700000| Untracked 
| 264|0x00000000f0800000, 0x00000000f0800000, 0x00000000f0900000|  0%| F|  |TAMS 0x00000000f0800000| PB 0x00000000f0800000| Untracked 
| 265|0x00000000f0900000, 0x00000000f0900000, 0x00000000f0a00000|  0%| F|  |TAMS 0x00000000f0900000| PB 0x00000000f0900000| Untracked 
| 266|0x00000000f0a00000, 0x00000000f0a00000, 0x00000000f0b00000|  0%| F|  |TAMS 0x00000000f0a00000| PB 0x00000000f0a00000| Untracked 
| 267|0x00000000f0b00000, 0x00000000f0b00000, 0x00000000f0c00000|  0%| F|  |TAMS 0x00000000f0b00000| PB 0x00000000f0b00000| Untracked 
| 268|0x00000000f0c00000, 0x00000000f0c00000, 0x00000000f0d00000|  0%| F|  |TAMS 0x00000000f0c00000| PB 0x00000000f0c00000| Untracked 
| 269|0x00000000f0d00000, 0x00000000f0d00000, 0x00000000f0e00000|  0%| F|  |TAMS 0x00000000f0d00000| PB 0x00000000f0d00000| Untracked 
| 270|0x00000000f0e00000, 0x00000000f0e00000, 0x00000000f0f00000|  0%| F|  |TAMS 0x00000000f0e00000| PB 0x00000000f0e00000| Untracked 
| 271|0x00000000f0f00000, 0x00000000f0f00000, 0x00000000f1000000|  0%| F|  |TAMS 0x00000000f0f00000| PB 0x00000000f0f00000| Untracked 
| 272|0x00000000f1000000, 0x00000000f1000000, 0x00000000f1100000|  0%| F|  |TAMS 0x00000000f1000000| PB 0x00000000f1000000| Untracked 
| 273|0x00000000f1100000, 0x00000000f1100000, 0x00000000f1200000|  0%| F|  |TAMS 0x00000000f1100000| PB 0x00000000f1100000| Untracked 
| 274|0x00000000f1200000, 0x00000000f1200000, 0x00000000f1300000|  0%| F|  |TAMS 0x00000000f1200000| PB 0x00000000f1200000| Untracked 
| 275|0x00000000f1300000, 0x00000000f1300000, 0x00000000f1400000|  0%| F|  |TAMS 0x00000000f1300000| PB 0x00000000f1300000| Untracked 
| 276|0x00000000f1400000, 0x00000000f1400000, 0x00000000f1500000|  0%| F|  |TAMS 0x00000000f1400000| PB 0x00000000f1400000| Untracked 
| 277|0x00000000f1500000, 0x00000000f1500000, 0x00000000f1600000|  0%| F|  |TAMS 0x00000000f1500000| PB 0x00000000f1500000| Untracked 
| 278|0x00000000f1600000, 0x00000000f1600000, 0x00000000f1700000|  0%| F|  |TAMS 0x00000000f1600000| PB 0x00000000f1600000| Untracked 
| 279|0x00000000f1700000, 0x00000000f1700000, 0x00000000f1800000|  0%| F|  |TAMS 0x00000000f1700000| PB 0x00000000f1700000| Untracked 
| 280|0x00000000f1800000, 0x00000000f1800000, 0x00000000f1900000|  0%| F|  |TAMS 0x00000000f1800000| PB 0x00000000f1800000| Untracked 
| 281|0x00000000f1900000, 0x00000000f1900000, 0x00000000f1a00000|  0%| F|  |TAMS 0x00000000f1900000| PB 0x00000000f1900000| Untracked 
| 282|0x00000000f1a00000, 0x00000000f1a00000, 0x00000000f1b00000|  0%| F|  |TAMS 0x00000000f1a00000| PB 0x00000000f1a00000| Untracked 
| 283|0x00000000f1b00000, 0x00000000f1b00000, 0x00000000f1c00000|  0%| F|  |TAMS 0x00000000f1b00000| PB 0x00000000f1b00000| Untracked 
| 284|0x00000000f1c00000, 0x00000000f1c00000, 0x00000000f1d00000|  0%| F|  |TAMS 0x00000000f1c00000| PB 0x00000000f1c00000| Untracked 
| 285|0x00000000f1d00000, 0x00000000f1d00000, 0x00000000f1e00000|  0%| F|  |TAMS 0x00000000f1d00000| PB 0x00000000f1d00000| Untracked 
| 286|0x00000000f1e00000, 0x00000000f1e00000, 0x00000000f1f00000|  0%| F|  |TAMS 0x00000000f1e00000| PB 0x00000000f1e00000| Untracked 
| 287|0x00000000f1f00000, 0x00000000f1f00000, 0x00000000f2000000|  0%| F|  |TAMS 0x00000000f1f00000| PB 0x00000000f1f00000| Untracked 
| 288|0x00000000f2000000, 0x00000000f2000000, 0x00000000f2100000|  0%| F|  |TAMS 0x00000000f2000000| PB 0x00000000f2000000| Untracked 
| 289|0x00000000f2100000, 0x00000000f2100000, 0x00000000f2200000|  0%| F|  |TAMS 0x00000000f2100000| PB 0x00000000f2100000| Untracked 
| 290|0x00000000f2200000, 0x00000000f2200000, 0x00000000f2300000|  0%| F|  |TAMS 0x00000000f2200000| PB 0x00000000f2200000| Untracked 
| 291|0x00000000f2300000, 0x00000000f2300000, 0x00000000f2400000|  0%| F|  |TAMS 0x00000000f2300000| PB 0x00000000f2300000| Untracked 
| 292|0x00000000f2400000, 0x00000000f2400000, 0x00000000f2500000|  0%| F|  |TAMS 0x00000000f2400000| PB 0x00000000f2400000| Untracked 
| 293|0x00000000f2500000, 0x00000000f2500000, 0x00000000f2600000|  0%| F|  |TAMS 0x00000000f2500000| PB 0x00000000f2500000| Untracked 
| 294|0x00000000f2600000, 0x00000000f2600000, 0x00000000f2700000|  0%| F|  |TAMS 0x00000000f2600000| PB 0x00000000f2600000| Untracked 
| 295|0x00000000f2700000, 0x00000000f2700000, 0x00000000f2800000|  0%| F|  |TAMS 0x00000000f2700000| PB 0x00000000f2700000| Untracked 
| 296|0x00000000f2800000, 0x00000000f2800000, 0x00000000f2900000|  0%| F|  |TAMS 0x00000000f2800000| PB 0x00000000f2800000| Untracked 
| 297|0x00000000f2900000, 0x00000000f2900000, 0x00000000f2a00000|  0%| F|  |TAMS 0x00000000f2900000| PB 0x00000000f2900000| Untracked 
| 298|0x00000000f2a00000, 0x00000000f2a00000, 0x00000000f2b00000|  0%| F|  |TAMS 0x00000000f2a00000| PB 0x00000000f2a00000| Untracked 
| 299|0x00000000f2b00000, 0x00000000f2b00000, 0x00000000f2c00000|  0%| F|  |TAMS 0x00000000f2b00000| PB 0x00000000f2b00000| Untracked 
| 300|0x00000000f2c00000, 0x00000000f2c00000, 0x00000000f2d00000|  0%| F|  |TAMS 0x00000000f2c00000| PB 0x00000000f2c00000| Untracked 
| 301|0x00000000f2d00000, 0x00000000f2d00000, 0x00000000f2e00000|  0%| F|  |TAMS 0x00000000f2d00000| PB 0x00000000f2d00000| Untracked 
| 302|0x00000000f2e00000, 0x00000000f2e00000, 0x00000000f2f00000|  0%| F|  |TAMS 0x00000000f2e00000| PB 0x00000000f2e00000| Untracked 
| 303|0x00000000f2f00000, 0x00000000f2f00000, 0x00000000f3000000|  0%| F|  |TAMS 0x00000000f2f00000| PB 0x00000000f2f00000| Untracked 
| 304|0x00000000f3000000, 0x00000000f3000000, 0x00000000f3100000|  0%| F|  |TAMS 0x00000000f3000000| PB 0x00000000f3000000| Untracked 
| 305|0x00000000f3100000, 0x00000000f3100000, 0x00000000f3200000|  0%| F|  |TAMS 0x00000000f3100000| PB 0x00000000f3100000| Untracked 
| 306|0x00000000f3200000, 0x00000000f3200000, 0x00000000f3300000|  0%| F|  |TAMS 0x00000000f3200000| PB 0x00000000f3200000| Untracked 
| 307|0x00000000f3300000, 0x00000000f3300000, 0x00000000f3400000|  0%| F|  |TAMS 0x00000000f3300000| PB 0x00000000f3300000| Untracked 
| 308|0x00000000f3400000, 0x00000000f3400000, 0x00000000f3500000|  0%| F|  |TAMS 0x00000000f3400000| PB 0x00000000f3400000| Untracked 
| 309|0x00000000f3500000, 0x00000000f3500000, 0x00000000f3600000|  0%| F|  |TAMS 0x00000000f3500000| PB 0x00000000f3500000| Untracked 
| 310|0x00000000f3600000, 0x00000000f367dbd0, 0x00000000f3700000| 49%| E|  |TAMS 0x00000000f3600000| PB 0x00000000f3600000| Complete 
| 311|0x00000000f3700000, 0x00000000f3800000, 0x00000000f3800000|100%| E|CS|TAMS 0x00000000f3700000| PB 0x00000000f3700000| Complete 
| 312|0x00000000f3800000, 0x00000000f3900000, 0x00000000f3900000|100%| E|CS|TAMS 0x00000000f3800000| PB 0x00000000f3800000| Complete 
| 313|0x00000000f3900000, 0x00000000f3a00000, 0x00000000f3a00000|100%| E|CS|TAMS 0x00000000f3900000| PB 0x00000000f3900000| Complete 
| 314|0x00000000f3a00000, 0x00000000f3b00000, 0x00000000f3b00000|100%| E|CS|TAMS 0x00000000f3a00000| PB 0x00000000f3a00000| Complete 
| 315|0x00000000f3b00000, 0x00000000f3c00000, 0x00000000f3c00000|100%| E|CS|TAMS 0x00000000f3b00000| PB 0x00000000f3b00000| Complete 
| 316|0x00000000f3c00000, 0x00000000f3d00000, 0x00000000f3d00000|100%| E|CS|TAMS 0x00000000f3c00000| PB 0x00000000f3c00000| Complete 
| 317|0x00000000f3d00000, 0x00000000f3e00000, 0x00000000f3e00000|100%| E|CS|TAMS 0x00000000f3d00000| PB 0x00000000f3d00000| Complete 
| 318|0x00000000f3e00000, 0x00000000f3f00000, 0x00000000f3f00000|100%| E|CS|TAMS 0x00000000f3e00000| PB 0x00000000f3e00000| Complete 
| 319|0x00000000f3f00000, 0x00000000f4000000, 0x00000000f4000000|100%| E|CS|TAMS 0x00000000f3f00000| PB 0x00000000f3f00000| Complete 
| 320|0x00000000f4000000, 0x00000000f4100000, 0x00000000f4100000|100%| E|CS|TAMS 0x00000000f4000000| PB 0x00000000f4000000| Complete 
| 321|0x00000000f4100000, 0x00000000f4200000, 0x00000000f4200000|100%| E|CS|TAMS 0x00000000f4100000| PB 0x00000000f4100000| Complete 
| 322|0x00000000f4200000, 0x00000000f4300000, 0x00000000f4300000|100%| E|CS|TAMS 0x00000000f4200000| PB 0x00000000f4200000| Complete 
| 323|0x00000000f4300000, 0x00000000f4400000, 0x00000000f4400000|100%| E|CS|TAMS 0x00000000f4300000| PB 0x00000000f4300000| Complete 
| 324|0x00000000f4400000, 0x00000000f4500000, 0x00000000f4500000|100%| E|CS|TAMS 0x00000000f4400000| PB 0x00000000f4400000| Complete 
| 325|0x00000000f4500000, 0x00000000f4600000, 0x00000000f4600000|100%| E|CS|TAMS 0x00000000f4500000| PB 0x00000000f4500000| Complete 
| 326|0x00000000f4600000, 0x00000000f4700000, 0x00000000f4700000|100%| E|CS|TAMS 0x00000000f4600000| PB 0x00000000f4600000| Complete 
| 327|0x00000000f4700000, 0x00000000f4800000, 0x00000000f4800000|100%| E|CS|TAMS 0x00000000f4700000| PB 0x00000000f4700000| Complete 
| 328|0x00000000f4800000, 0x00000000f4900000, 0x00000000f4900000|100%| E|CS|TAMS 0x00000000f4800000| PB 0x00000000f4800000| Complete 
| 329|0x00000000f4900000, 0x00000000f4a00000, 0x00000000f4a00000|100%| E|CS|TAMS 0x00000000f4900000| PB 0x00000000f4900000| Complete 
| 330|0x00000000f4a00000, 0x00000000f4b00000, 0x00000000f4b00000|100%| E|CS|TAMS 0x00000000f4a00000| PB 0x00000000f4a00000| Complete 
| 331|0x00000000f4b00000, 0x00000000f4c00000, 0x00000000f4c00000|100%| E|CS|TAMS 0x00000000f4b00000| PB 0x00000000f4b00000| Complete 
| 332|0x00000000f4c00000, 0x00000000f4d00000, 0x00000000f4d00000|100%| E|CS|TAMS 0x00000000f4c00000| PB 0x00000000f4c00000| Complete 
| 333|0x00000000f4d00000, 0x00000000f4e00000, 0x00000000f4e00000|100%| E|CS|TAMS 0x00000000f4d00000| PB 0x00000000f4d00000| Complete 
| 334|0x00000000f4e00000, 0x00000000f4f00000, 0x00000000f4f00000|100%| E|CS|TAMS 0x00000000f4e00000| PB 0x00000000f4e00000| Complete 
| 335|0x00000000f4f00000, 0x00000000f5000000, 0x00000000f5000000|100%| E|CS|TAMS 0x00000000f4f00000| PB 0x00000000f4f00000| Complete 
| 336|0x00000000f5000000, 0x00000000f5100000, 0x00000000f5100000|100%| E|CS|TAMS 0x00000000f5000000| PB 0x00000000f5000000| Complete 
| 337|0x00000000f5100000, 0x00000000f5200000, 0x00000000f5200000|100%| E|CS|TAMS 0x00000000f5100000| PB 0x00000000f5100000| Complete 
| 338|0x00000000f5200000, 0x00000000f5300000, 0x00000000f5300000|100%| E|CS|TAMS 0x00000000f5200000| PB 0x00000000f5200000| Complete 
| 339|0x00000000f5300000, 0x00000000f5400000, 0x00000000f5400000|100%| E|CS|TAMS 0x00000000f5300000| PB 0x00000000f5300000| Complete 
| 340|0x00000000f5400000, 0x00000000f5500000, 0x00000000f5500000|100%| E|CS|TAMS 0x00000000f5400000| PB 0x00000000f5400000| Complete 
| 341|0x00000000f5500000, 0x00000000f5600000, 0x00000000f5600000|100%| E|CS|TAMS 0x00000000f5500000| PB 0x00000000f5500000| Complete 
| 342|0x00000000f5600000, 0x00000000f5700000, 0x00000000f5700000|100%| E|CS|TAMS 0x00000000f5600000| PB 0x00000000f5600000| Complete 
| 343|0x00000000f5700000, 0x00000000f5800000, 0x00000000f5800000|100%| E|CS|TAMS 0x00000000f5700000| PB 0x00000000f5700000| Complete 
| 344|0x00000000f5800000, 0x00000000f5900000, 0x00000000f5900000|100%| E|CS|TAMS 0x00000000f5800000| PB 0x00000000f5800000| Complete 
| 345|0x00000000f5900000, 0x00000000f5a00000, 0x00000000f5a00000|100%| E|CS|TAMS 0x00000000f5900000| PB 0x00000000f5900000| Complete 
| 346|0x00000000f5a00000, 0x00000000f5b00000, 0x00000000f5b00000|100%| E|CS|TAMS 0x00000000f5a00000| PB 0x00000000f5a00000| Complete 
| 347|0x00000000f5b00000, 0x00000000f5c00000, 0x00000000f5c00000|100%| E|CS|TAMS 0x00000000f5b00000| PB 0x00000000f5b00000| Complete 
| 348|0x00000000f5c00000, 0x00000000f5d00000, 0x00000000f5d00000|100%| E|CS|TAMS 0x00000000f5c00000| PB 0x00000000f5c00000| Complete 
| 349|0x00000000f5d00000, 0x00000000f5e00000, 0x00000000f5e00000|100%| E|CS|TAMS 0x00000000f5d00000| PB 0x00000000f5d00000| Complete 
| 350|0x00000000f5e00000, 0x00000000f5f00000, 0x00000000f5f00000|100%| E|CS|TAMS 0x00000000f5e00000| PB 0x00000000f5e00000| Complete 
| 351|0x00000000f5f00000, 0x00000000f6000000, 0x00000000f6000000|100%| E|CS|TAMS 0x00000000f5f00000| PB 0x00000000f5f00000| Complete 
| 352|0x00000000f6000000, 0x00000000f6100000, 0x00000000f6100000|100%| E|CS|TAMS 0x00000000f6000000| PB 0x00000000f6000000| Complete 
| 353|0x00000000f6100000, 0x00000000f6200000, 0x00000000f6200000|100%| E|CS|TAMS 0x00000000f6100000| PB 0x00000000f6100000| Complete 
| 354|0x00000000f6200000, 0x00000000f6300000, 0x00000000f6300000|100%| E|CS|TAMS 0x00000000f6200000| PB 0x00000000f6200000| Complete 
| 355|0x00000000f6300000, 0x00000000f6400000, 0x00000000f6400000|100%| E|CS|TAMS 0x00000000f6300000| PB 0x00000000f6300000| Complete 
| 356|0x00000000f6400000, 0x00000000f6500000, 0x00000000f6500000|100%| E|CS|TAMS 0x00000000f6400000| PB 0x00000000f6400000| Complete 
| 357|0x00000000f6500000, 0x00000000f6600000, 0x00000000f6600000|100%| E|CS|TAMS 0x00000000f6500000| PB 0x00000000f6500000| Complete 
| 358|0x00000000f6600000, 0x00000000f6700000, 0x00000000f6700000|100%| E|CS|TAMS 0x00000000f6600000| PB 0x00000000f6600000| Complete 
| 359|0x00000000f6700000, 0x00000000f6800000, 0x00000000f6800000|100%| E|CS|TAMS 0x00000000f6700000| PB 0x00000000f6700000| Complete 
| 360|0x00000000f6800000, 0x00000000f6900000, 0x00000000f6900000|100%| E|CS|TAMS 0x00000000f6800000| PB 0x00000000f6800000| Complete 
| 361|0x00000000f6900000, 0x00000000f6a00000, 0x00000000f6a00000|100%| E|CS|TAMS 0x00000000f6900000| PB 0x00000000f6900000| Complete 
| 362|0x00000000f6a00000, 0x00000000f6b00000, 0x00000000f6b00000|100%| E|CS|TAMS 0x00000000f6a00000| PB 0x00000000f6a00000| Complete 
| 363|0x00000000f6b00000, 0x00000000f6c00000, 0x00000000f6c00000|100%| E|CS|TAMS 0x00000000f6b00000| PB 0x00000000f6b00000| Complete 
| 364|0x00000000f6c00000, 0x00000000f6d00000, 0x00000000f6d00000|100%| E|CS|TAMS 0x00000000f6c00000| PB 0x00000000f6c00000| Complete 
| 365|0x00000000f6d00000, 0x00000000f6e00000, 0x00000000f6e00000|100%| E|CS|TAMS 0x00000000f6d00000| PB 0x00000000f6d00000| Complete 
| 366|0x00000000f6e00000, 0x00000000f6f00000, 0x00000000f6f00000|100%| E|CS|TAMS 0x00000000f6e00000| PB 0x00000000f6e00000| Complete 
| 367|0x00000000f6f00000, 0x00000000f7000000, 0x00000000f7000000|100%| E|CS|TAMS 0x00000000f6f00000| PB 0x00000000f6f00000| Complete 
| 368|0x00000000f7000000, 0x00000000f7100000, 0x00000000f7100000|100%| E|CS|TAMS 0x00000000f7000000| PB 0x00000000f7000000| Complete 
| 369|0x00000000f7100000, 0x00000000f7200000, 0x00000000f7200000|100%| E|CS|TAMS 0x00000000f7100000| PB 0x00000000f7100000| Complete 
| 370|0x00000000f7200000, 0x00000000f7300000, 0x00000000f7300000|100%| E|CS|TAMS 0x00000000f7200000| PB 0x00000000f7200000| Complete 
| 371|0x00000000f7300000, 0x00000000f7400000, 0x00000000f7400000|100%| E|CS|TAMS 0x00000000f7300000| PB 0x00000000f7300000| Complete 
| 372|0x00000000f7400000, 0x00000000f7500000, 0x00000000f7500000|100%| E|CS|TAMS 0x00000000f7400000| PB 0x00000000f7400000| Complete 
| 373|0x00000000f7500000, 0x00000000f7600000, 0x00000000f7600000|100%| E|CS|TAMS 0x00000000f7500000| PB 0x00000000f7500000| Complete 
| 374|0x00000000f7600000, 0x00000000f7700000, 0x00000000f7700000|100%| E|CS|TAMS 0x00000000f7600000| PB 0x00000000f7600000| Complete 
| 375|0x00000000f7700000, 0x00000000f7800000, 0x00000000f7800000|100%| E|CS|TAMS 0x00000000f7700000| PB 0x00000000f7700000| Complete 
| 376|0x00000000f7800000, 0x00000000f7900000, 0x00000000f7900000|100%| E|CS|TAMS 0x00000000f7800000| PB 0x00000000f7800000| Complete 
| 377|0x00000000f7900000, 0x00000000f7a00000, 0x00000000f7a00000|100%| E|CS|TAMS 0x00000000f7900000| PB 0x00000000f7900000| Complete 
| 378|0x00000000f7a00000, 0x00000000f7b00000, 0x00000000f7b00000|100%| E|CS|TAMS 0x00000000f7a00000| PB 0x00000000f7a00000| Complete 
| 379|0x00000000f7b00000, 0x00000000f7c00000, 0x00000000f7c00000|100%| E|CS|TAMS 0x00000000f7b00000| PB 0x00000000f7b00000| Complete 
| 380|0x00000000f7c00000, 0x00000000f7d00000, 0x00000000f7d00000|100%| E|CS|TAMS 0x00000000f7c00000| PB 0x00000000f7c00000| Complete 
| 381|0x00000000f7d00000, 0x00000000f7e00000, 0x00000000f7e00000|100%| E|CS|TAMS 0x00000000f7d00000| PB 0x00000000f7d00000| Complete 
| 382|0x00000000f7e00000, 0x00000000f7f00000, 0x00000000f7f00000|100%| E|CS|TAMS 0x00000000f7e00000| PB 0x00000000f7e00000| Complete 
| 383|0x00000000f7f00000, 0x00000000f8000000, 0x00000000f8000000|100%| E|CS|TAMS 0x00000000f7f00000| PB 0x00000000f7f00000| Complete 
| 384|0x00000000f8000000, 0x00000000f8100000, 0x00000000f8100000|100%| E|CS|TAMS 0x00000000f8000000| PB 0x00000000f8000000| Complete 
| 385|0x00000000f8100000, 0x00000000f8200000, 0x00000000f8200000|100%| E|CS|TAMS 0x00000000f8100000| PB 0x00000000f8100000| Complete 
| 386|0x00000000f8200000, 0x00000000f8300000, 0x00000000f8300000|100%| E|CS|TAMS 0x00000000f8200000| PB 0x00000000f8200000| Complete 
| 387|0x00000000f8300000, 0x00000000f8400000, 0x00000000f8400000|100%| E|CS|TAMS 0x00000000f8300000| PB 0x00000000f8300000| Complete 
| 388|0x00000000f8400000, 0x00000000f8500000, 0x00000000f8500000|100%| E|CS|TAMS 0x00000000f8400000| PB 0x00000000f8400000| Complete 
| 389|0x00000000f8500000, 0x00000000f8600000, 0x00000000f8600000|100%| E|CS|TAMS 0x00000000f8500000| PB 0x00000000f8500000| Complete 
| 390|0x00000000f8600000, 0x00000000f8700000, 0x00000000f8700000|100%| E|CS|TAMS 0x00000000f8600000| PB 0x00000000f8600000| Complete 
| 391|0x00000000f8700000, 0x00000000f8800000, 0x00000000f8800000|100%| E|CS|TAMS 0x00000000f8700000| PB 0x00000000f8700000| Complete 
| 392|0x00000000f8800000, 0x00000000f8900000, 0x00000000f8900000|100%| E|CS|TAMS 0x00000000f8800000| PB 0x00000000f8800000| Complete 
| 393|0x00000000f8900000, 0x00000000f8a00000, 0x00000000f8a00000|100%| E|CS|TAMS 0x00000000f8900000| PB 0x00000000f8900000| Complete 
| 394|0x00000000f8a00000, 0x00000000f8b00000, 0x00000000f8b00000|100%| E|CS|TAMS 0x00000000f8a00000| PB 0x00000000f8a00000| Complete 
| 475|0x00000000fdb00000, 0x00000000fdc00000, 0x00000000fdc00000|100%| O|  |TAMS 0x00000000fdb00000| PB 0x00000000fdb00000| Untracked 
| 476|0x00000000fdc00000, 0x00000000fdd00000, 0x00000000fdd00000|100%| O|Cm|TAMS 0x00000000fdc00000| PB 0x00000000fdc00000| Complete 
| 477|0x00000000fdd00000, 0x00000000fde00000, 0x00000000fde00000|100%| O|Cm|TAMS 0x00000000fdd00000| PB 0x00000000fdd00000| Complete 
| 478|0x00000000fde00000, 0x00000000fdf00000, 0x00000000fdf00000|100%| O|Cm|TAMS 0x00000000fde00000| PB 0x00000000fde00000| Complete 
| 479|0x00000000fdf00000, 0x00000000fe000000, 0x00000000fe000000|100%| O|  |TAMS 0x00000000fdf00000| PB 0x00000000fdf00000| Untracked 
| 480|0x00000000fe000000, 0x00000000fe100000, 0x00000000fe100000|100%| O|  |TAMS 0x00000000fe000000| PB 0x00000000fe000000| Untracked 
| 481|0x00000000fe100000, 0x00000000fe200000, 0x00000000fe200000|100%| O|  |TAMS 0x00000000fe100000| PB 0x00000000fe100000| Untracked 
| 482|0x00000000fe200000, 0x00000000fe300000, 0x00000000fe300000|100%| O|  |TAMS 0x00000000fe200000| PB 0x00000000fe200000| Untracked 
| 483|0x00000000fe300000, 0x00000000fe400000, 0x00000000fe400000|100%| O|  |TAMS 0x00000000fe300000| PB 0x00000000fe300000| Untracked 
| 484|0x00000000fe400000, 0x00000000fe500000, 0x00000000fe500000|100%| O|  |TAMS 0x00000000fe400000| PB 0x00000000fe400000| Untracked 
| 485|0x00000000fe500000, 0x00000000fe600000, 0x00000000fe600000|100%| O|  |TAMS 0x00000000fe500000| PB 0x00000000fe500000| Untracked 
| 486|0x00000000fe600000, 0x00000000fe700000, 0x00000000fe700000|100%| O|  |TAMS 0x00000000fe600000| PB 0x00000000fe600000| Untracked 
| 487|0x00000000fe700000, 0x00000000fe800000, 0x00000000fe800000|100%| O|  |TAMS 0x00000000fe700000| PB 0x00000000fe700000| Untracked 
| 488|0x00000000fe800000, 0x00000000fe900000, 0x00000000fe900000|100%| O|  |TAMS 0x00000000fe800000| PB 0x00000000fe800000| Untracked 
| 489|0x00000000fe900000, 0x00000000fea00000, 0x00000000fea00000|100%| O|  |TAMS 0x00000000fe900000| PB 0x00000000fe900000| Untracked 
| 490|0x00000000fea00000, 0x00000000feb00000, 0x00000000feb00000|100%| O|  |TAMS 0x00000000fea00000| PB 0x00000000fea00000| Untracked 
| 491|0x00000000feb00000, 0x00000000fec00000, 0x00000000fec00000|100%| O|  |TAMS 0x00000000feb00000| PB 0x00000000feb00000| Untracked 
| 492|0x00000000fec00000, 0x00000000fed00000, 0x00000000fed00000|100%| O|  |TAMS 0x00000000fec00000| PB 0x00000000fec00000| Untracked 
| 493|0x00000000fed00000, 0x00000000fee00000, 0x00000000fee00000|100%| O|  |TAMS 0x00000000fed00000| PB 0x00000000fed00000| Untracked 
| 494|0x00000000fee00000, 0x00000000fef00000, 0x00000000fef00000|100%| O|  |TAMS 0x00000000fee00000| PB 0x00000000fee00000| Untracked 
| 495|0x00000000fef00000, 0x00000000ff000000, 0x00000000ff000000|100%| O|  |TAMS 0x00000000fef00000| PB 0x00000000fef00000| Untracked 
| 496|0x00000000ff000000, 0x00000000ff100000, 0x00000000ff100000|100%| O|  |TAMS 0x00000000ff000000| PB 0x00000000ff000000| Untracked 
| 497|0x00000000ff100000, 0x00000000ff200000, 0x00000000ff200000|100%| O|  |TAMS 0x00000000ff100000| PB 0x00000000ff100000| Untracked 
| 498|0x00000000ff200000, 0x00000000ff300000, 0x00000000ff300000|100%| O|  |TAMS 0x00000000ff200000| PB 0x00000000ff200000| Untracked 
| 499|0x00000000ff300000, 0x00000000ff400000, 0x00000000ff400000|100%| O|  |TAMS 0x00000000ff300000| PB 0x00000000ff300000| Untracked 
| 500|0x00000000ff400000, 0x00000000ff500000, 0x00000000ff500000|100%| O|  |TAMS 0x00000000ff400000| PB 0x00000000ff400000| Untracked 
| 501|0x00000000ff500000, 0x00000000ff600000, 0x00000000ff600000|100%| O|  |TAMS 0x00000000ff500000| PB 0x00000000ff500000| Untracked 
| 502|0x00000000ff600000, 0x00000000ff700000, 0x00000000ff700000|100%| E|CS|TAMS 0x00000000ff600000| PB 0x00000000ff600000| Complete 
| 503|0x00000000ff700000, 0x00000000ff800000, 0x00000000ff800000|100%| E|CS|TAMS 0x00000000ff700000| PB 0x00000000ff700000| Complete 
| 504|0x00000000ff800000, 0x00000000ff900000, 0x00000000ff900000|100%| O|  |TAMS 0x00000000ff800000| PB 0x00000000ff800000| Untracked 
| 505|0x00000000ff900000, 0x00000000ffa00000, 0x00000000ffa00000|100%| E|CS|TAMS 0x00000000ff900000| PB 0x00000000ff900000| Complete 
| 506|0x00000000ffa00000, 0x00000000ffb00000, 0x00000000ffb00000|100%| E|CS|TAMS 0x00000000ffa00000| PB 0x00000000ffa00000| Complete 
| 507|0x00000000ffb00000, 0x00000000ffc00000, 0x00000000ffc00000|100%| O|  |TAMS 0x00000000ffb00000| PB 0x00000000ffb00000| Untracked 
| 508|0x00000000ffc00000, 0x00000000ffd00000, 0x00000000ffd00000|100%| O|  |TAMS 0x00000000ffc00000| PB 0x00000000ffc00000| Untracked 
| 509|0x00000000ffd00000, 0x00000000ffe00000, 0x00000000ffe00000|100%| O|  |TAMS 0x00000000ffd00000| PB 0x00000000ffd00000| Untracked 
| 510|0x00000000ffe00000, 0x00000000fff00000, 0x00000000fff00000|100%| O|  |TAMS 0x00000000ffe00000| PB 0x00000000ffe00000| Untracked 
| 511|0x00000000fff00000, 0x0000000100000000, 0x0000000100000000|100%| O|  |TAMS 0x00000000fff00000| PB 0x00000000fff00000| Untracked 

Card table byte_map: [0x0000027df1770000,0x0000027df1870000] _byte_map_base: 0x0000027df1070000

Marking Bits: (CMBitMap*) 0x0000027dd976f540
 Bits: [0x0000027df1870000, 0x0000027df2070000)

Polling page: 0x0000027dd73b0000

Metaspace:

Usage:
  Non-class:    142.60 MB used.
      Class:     20.52 MB used.
       Both:    163.11 MB used.

Virtual space:
  Non-class space:      192.00 MB reserved,     143.56 MB ( 75%) committed,  3 nodes.
      Class space:      320.00 MB reserved,      21.44 MB (  7%) committed,  1 nodes.
             Both:      512.00 MB reserved,     165.00 MB ( 32%) committed. 

Chunk freelists:
   Non-Class:  15.89 MB
       Class:  10.57 MB
        Both:  26.46 MB

MaxMetaspaceSize: 384.00 MB
CompressedClassSpaceSize: 320.00 MB
Initial GC threshold: 21.00 MB
Current GC threshold: 272.94 MB
CDS: on
 - commit_granule_bytes: 65536.
 - commit_granule_words: 8192.
 - virtual_space_node_default_size: 8388608.
 - enlarge_chunks_in_place: 1.
 - use_allocation_guard: 0.


Internal statistics:

num_allocs_failed_limit: 18.
num_arena_births: 6744.
num_arena_deaths: 3608.
num_vsnodes_births: 4.
num_vsnodes_deaths: 0.
num_space_committed: 2640.
num_space_uncommitted: 2.
num_chunks_returned_to_freelist: 4233.
num_chunks_taken_from_freelist: 14744.
num_chunk_merges: 1637.
num_chunk_splits: 9307.
num_chunks_enlarged: 6056.
num_inconsistent_stats: 0.

CodeHeap 'non-profiled nmethods': size=119168Kb used=14294Kb max_used=14294Kb free=104873Kb
 bounds [0x0000027de9760000, 0x0000027dea560000, 0x0000027df0bc0000]
CodeHeap 'profiled nmethods': size=119104Kb used=31909Kb max_used=38954Kb free=87194Kb
 bounds [0x0000027de1bc0000, 0x0000027de4200000, 0x0000027de9010000]
CodeHeap 'non-nmethods': size=7488Kb used=3212Kb max_used=4979Kb free=4275Kb
 bounds [0x0000027de9010000, 0x0000027de9500000, 0x0000027de9760000]
 total_blobs=17720 nmethods=16497 adapters=1125
 compilation: enabled
              stopped_count=0, restarted_count=0
 full_count=0

Compilation events (20 events):
Event: 2219.753 Thread 0x0000027df53e79a0 30869       3       org.gradle.api.internal.file.DefaultFileCollectionFactory::resolving (33 bytes)
Event: 2219.753 Thread 0x0000027dfec982a0 30871       3       com.google.common.base.CharMatcher$IsEither::matches (22 bytes)
Event: 2219.753 Thread 0x0000027df53e1c40 30870       4       com.google.common.base.NullnessCasts::uncheckedCastNullableTToT (2 bytes)
Event: 2219.753 Thread 0x0000027df53e79a0 nmethod 30869 0x0000027de2b6a010 code [0x0000027de2b6a220, 0x0000027de2b6a850]
Event: 2219.753 Thread 0x0000027dfec982a0 nmethod 30871 0x0000027de335d710 code [0x0000027de335d8a0, 0x0000027de335da40]
Event: 2219.753 Thread 0x0000027df53e1c40 nmethod 30870 0x0000027dea555090 code [0x0000027dea555200, 0x0000027dea555268]
Event: 2219.754 Thread 0x0000027df53e79a0 30872       1       org.gradle.api.internal.file.pattern.FixedStepPathMatcher::getMinSegments (5 bytes)
Event: 2219.754 Thread 0x0000027dfec982a0 30873       1       org.gradle.api.internal.file.pattern.FixedStepPathMatcher::getMaxSegments (5 bytes)
Event: 2219.754 Thread 0x0000027df53e79a0 nmethod 30872 0x0000027dea555390 code [0x0000027dea555520, 0x0000027dea5555e8]
Event: 2219.754 Thread 0x0000027dfec982a0 nmethod 30873 0x0000027dea555690 code [0x0000027dea555820, 0x0000027dea5558e8]
Event: 2219.754 Thread 0x0000027dfec982a0 30874       3       org.gradle.api.internal.file.pattern.FixedStepPathMatcher::matches (54 bytes)
Event: 2219.754 Thread 0x0000027df53e79a0 30875       3       org.gradle.api.internal.file.pattern.FixedPatternStep::matches (27 bytes)
Event: 2219.754 Thread 0x0000027df53e79a0 nmethod 30875 0x0000027de335d210 code [0x0000027de335d3c0, 0x0000027de335d5b0]
Event: 2219.754 Thread 0x0000027dfec982a0 nmethod 30874 0x0000027de2b69910 code [0x0000027de2b69ae0, 0x0000027de2b69ed8]
Event: 2219.754 Thread 0x0000027df53e79a0 30876       3       org.gradle.api.file.RelativePath::<init> (8 bytes)
Event: 2219.754 Thread 0x0000027dfec982a0 30878       3       org.gradle.api.internal.file.pattern.GreedyPathMatcher::matches (61 bytes)
Event: 2219.754 Thread 0x0000027df53e79a0 nmethod 30876 0x0000027de2b69510 code [0x0000027de2b696c0, 0x0000027de2b69808]
Event: 2219.754 Thread 0x0000027df53e79a0 30877       3       org.gradle.api.internal.file.pattern.PatternMatcherFactory$DefaultPatternMatcher::test (35 bytes)
Event: 2219.754 Thread 0x0000027df53e79a0 nmethod 30877 0x0000027de2b68f10 code [0x0000027de2b690e0, 0x0000027de2b69428]
Event: 2219.754 Thread 0x0000027dfec982a0 nmethod 30878 0x0000027de2b68590 code [0x0000027de2b68780, 0x0000027de2b68d10]

GC Heap History (20 events):
Event: 86.588 GC heap before
{Heap before GC invocations=73 (full 0):
 garbage-first heap   total 347136K, used 286273K [0x00000000e0000000, 0x0000000100000000)
  region size 1024K, 88 young (90112K), 8 survivors (8192K)
 Metaspace       used 155045K, committed 157824K, reserved 524288K
  class space    used 19810K, committed 21184K, reserved 327680K
}
Event: 86.590 GC heap after
{Heap after GC invocations=74 (full 0):
 garbage-first heap   total 347136K, used 209231K [0x00000000e0000000, 0x0000000100000000)
  region size 1024K, 8 young (8192K), 8 survivors (8192K)
 Metaspace       used 155045K, committed 157824K, reserved 524288K
  class space    used 19810K, committed 21184K, reserved 327680K
}
Event: 213.519 GC heap before
{Heap before GC invocations=74 (full 0):
 garbage-first heap   total 347136K, used 317775K [0x00000000e0000000, 0x0000000100000000)
  region size 1024K, 114 young (116736K), 8 survivors (8192K)
 Metaspace       used 155884K, committed 158656K, reserved 524288K
  class space    used 19883K, committed 21248K, reserved 327680K
}
Event: 213.522 GC heap after
{Heap after GC invocations=75 (full 0):
 garbage-first heap   total 347136K, used 209247K [0x00000000e0000000, 0x0000000100000000)
  region size 1024K, 12 young (12288K), 12 survivors (12288K)
 Metaspace       used 155884K, committed 158656K, reserved 524288K
  class space    used 19883K, committed 21248K, reserved 327680K
}
Event: 1970.055 GC heap before
{Heap before GC invocations=75 (full 0):
 garbage-first heap   total 347136K, used 314719K [0x00000000e0000000, 0x0000000100000000)
  region size 1024K, 116 young (118784K), 12 survivors (12288K)
 Metaspace       used 160901K, committed 163712K, reserved 524288K
  class space    used 20447K, committed 21824K, reserved 327680K
}
Event: 1970.061 GC heap after
{Heap after GC invocations=76 (full 0):
 garbage-first heap   total 347136K, used 213731K [0x00000000e0000000, 0x0000000100000000)
  region size 1024K, 12 young (12288K), 12 survivors (12288K)
 Metaspace       used 160901K, committed 163712K, reserved 524288K
  class space    used 20447K, committed 21824K, reserved 327680K
}
Event: 2214.562 GC heap before
{Heap before GC invocations=77 (full 0):
 garbage-first heap   total 360448K, used 313059K [0x00000000e0000000, 0x0000000100000000)
  region size 1024K, 110 young (112640K), 12 survivors (12288K)
 Metaspace       used 160337K, committed 163840K, reserved 524288K
  class space    used 20116K, committed 21888K, reserved 327680K
}
Event: 2214.567 GC heap after
{Heap after GC invocations=78 (full 0):
 garbage-first heap   total 360448K, used 219161K [0x00000000e0000000, 0x0000000100000000)
  region size 1024K, 11 young (11264K), 11 survivors (11264K)
 Metaspace       used 160337K, committed 163840K, reserved 524288K
  class space    used 20116K, committed 21888K, reserved 327680K
}
Event: 2214.725 GC heap before
{Heap before GC invocations=78 (full 0):
 garbage-first heap   total 360448K, used 328729K [0x00000000e0000000, 0x0000000100000000)
  region size 1024K, 118 young (120832K), 11 survivors (11264K)
 Metaspace       used 160468K, committed 163840K, reserved 524288K
  class space    used 20122K, committed 21888K, reserved 327680K
}
Event: 2214.733 GC heap after
{Heap after GC invocations=79 (full 0):
 garbage-first heap   total 362496K, used 205310K [0x00000000e0000000, 0x0000000100000000)
  region size 1024K, 12 young (12288K), 12 survivors (12288K)
 Metaspace       used 160468K, committed 163840K, reserved 524288K
  class space    used 20122K, committed 21888K, reserved 327680K
}
Event: 2214.787 GC heap before
{Heap before GC invocations=79 (full 0):
 garbage-first heap   total 362496K, used 257534K [0x00000000e0000000, 0x0000000100000000)
  region size 1024K, 64 young (65536K), 12 survivors (12288K)
 Metaspace       used 160482K, committed 163840K, reserved 524288K
  class space    used 20122K, committed 21888K, reserved 327680K
}
Event: 2214.791 GC heap after
{Heap after GC invocations=80 (full 0):
 garbage-first heap   total 362496K, used 209992K [0x00000000e0000000, 0x0000000100000000)
  region size 1024K, 10 young (10240K), 10 survivors (10240K)
 Metaspace       used 160482K, committed 163840K, reserved 524288K
  class space    used 20122K, committed 21888K, reserved 327680K
}
Event: 2216.140 GC heap before
{Heap before GC invocations=81 (full 0):
 garbage-first heap   total 389120K, used 332872K [0x00000000e0000000, 0x0000000100000000)
  region size 1024K, 129 young (132096K), 10 survivors (10240K)
 Metaspace       used 164348K, committed 166400K, reserved 524288K
  class space    used 20509K, committed 21888K, reserved 327680K
}
Event: 2216.145 GC heap after
{Heap after GC invocations=82 (full 0):
 garbage-first heap   total 389120K, used 219835K [0x00000000e0000000, 0x0000000100000000)
  region size 1024K, 12 young (12288K), 12 survivors (12288K)
 Metaspace       used 164348K, committed 166400K, reserved 524288K
  class space    used 20509K, committed 21888K, reserved 327680K
}
Event: 2216.814 GC heap before
{Heap before GC invocations=82 (full 0):
 garbage-first heap   total 389120K, used 370363K [0x00000000e0000000, 0x0000000100000000)
  region size 1024K, 146 young (149504K), 12 survivors (12288K)
 Metaspace       used 164758K, committed 166848K, reserved 524288K
  class space    used 20577K, committed 21888K, reserved 327680K
}
Event: 2216.833 GC heap after
{Heap after GC invocations=83 (full 0):
 garbage-first heap   total 425984K, used 239931K [0x00000000e0000000, 0x0000000100000000)
  region size 1024K, 19 young (19456K), 19 survivors (19456K)
 Metaspace       used 164758K, committed 166848K, reserved 524288K
  class space    used 20577K, committed 21888K, reserved 327680K
}
Event: 2217.033 GC heap before
{Heap before GC invocations=83 (full 0):
 garbage-first heap   total 425984K, used 257339K [0x00000000e0000000, 0x0000000100000000)
  region size 1024K, 37 young (37888K), 19 survivors (19456K)
 Metaspace       used 165660K, committed 167680K, reserved 524288K
  class space    used 20764K, committed 21888K, reserved 327680K
}
Event: 2217.041 GC heap after
{Heap after GC invocations=84 (full 0):
 garbage-first heap   total 425984K, used 246746K [0x00000000e0000000, 0x0000000100000000)
  region size 1024K, 5 young (5120K), 5 survivors (5120K)
 Metaspace       used 165660K, committed 167680K, reserved 524288K
  class space    used 20764K, committed 21888K, reserved 327680K
}
Event: 2219.162 GC heap before
{Heap before GC invocations=85 (full 0):
 garbage-first heap   total 442368K, used 382938K [0x00000000e0000000, 0x0000000100000000)
  region size 1024K, 137 young (140288K), 5 survivors (5120K)
 Metaspace       used 165982K, committed 168000K, reserved 524288K
  class space    used 20819K, committed 21888K, reserved 327680K
}
Event: 2219.168 GC heap after
{Heap after GC invocations=86 (full 0):
 garbage-first heap   total 442368K, used 253147K [0x00000000e0000000, 0x0000000100000000)
  region size 1024K, 18 young (18432K), 18 survivors (18432K)
 Metaspace       used 165982K, committed 168000K, reserved 524288K
  class space    used 20819K, committed 21888K, reserved 327680K
}

Dll operation events (15 events):
Event: 0.006 Loaded shared library C:\Program Files\Java\jdk-21\bin\java.dll
Event: 0.026 Loaded shared library C:\Program Files\Java\jdk-21\bin\jsvml.dll
Event: 0.048 Loaded shared library C:\Program Files\Java\jdk-21\bin\zip.dll
Event: 0.050 Loaded shared library C:\Program Files\Java\jdk-21\bin\instrument.dll
Event: 0.053 Loaded shared library C:\Program Files\Java\jdk-21\bin\net.dll
Event: 0.054 Loaded shared library C:\Program Files\Java\jdk-21\bin\nio.dll
Event: 0.057 Loaded shared library C:\Program Files\Java\jdk-21\bin\zip.dll
Event: 0.222 Loaded shared library C:\Program Files\Java\jdk-21\bin\jimage.dll
Event: 0.290 Loaded shared library C:\Program Files\Java\jdk-21\bin\verify.dll
Event: 0.454 Loaded shared library C:\Users\jahanbin\.gradle\native\c067742578af261105cb4f569cf0c3c89f3d7b1fecec35dd04571415982c5e48\windows-amd64\native-platform.dll
Event: 0.465 Loaded shared library C:\Users\jahanbin\.gradle\native\100fb08df4bc3b14c8652ba06237920a3bd2aa13389f12d3474272988ae205f9\windows-amd64\native-platform-file-events.dll
Event: 1.037 Loaded shared library C:\Program Files\Java\jdk-21\bin\management.dll
Event: 1.038 Loaded shared library C:\Program Files\Java\jdk-21\bin\management_ext.dll
Event: 1.151 Loaded shared library C:\Program Files\Java\jdk-21\bin\extnet.dll
Event: 1.240 Loaded shared library C:\Program Files\Java\jdk-21\bin\sunmscapi.dll

Deoptimization events (20 events):
Event: 2219.666 Thread 0x0000027df5544d50 Uncommon trap: trap_request=0xffffff45 fr.pc=0x0000027dea519638 relative=0x0000000000001198
Event: 2219.666 Thread 0x0000027df5544d50 Uncommon trap: reason=unstable_if action=reinterpret pc=0x0000027dea519638 method=org.gradle.internal.snapshot.impl.FilteredTrackingMerkleDirectorySnapshotBuilder.leaveDirectory()Lorg/gradle/internal/snapshot/FileSystemLocationSnapshot; @ 49 c2
Event: 2219.666 Thread 0x0000027df5544d50 DEOPT PACKING pc=0x0000027dea519638 sp=0x00000098707fb960
Event: 2219.666 Thread 0x0000027df5544d50 DEOPT UNPACKING pc=0x0000027de90646a2 sp=0x00000098707fb7d0 mode 2
Event: 2219.753 Thread 0x0000027df5544d50 Uncommon trap: trap_request=0xffffff45 fr.pc=0x0000027dea3a6044 relative=0x0000000000000284
Event: 2219.753 Thread 0x0000027df5544d50 Uncommon trap: reason=unstable_if action=reinterpret pc=0x0000027dea3a6044 method=java.lang.String.regionMatches(ZILjava/lang/String;II)Z @ 1 c2
Event: 2219.753 Thread 0x0000027df5544d50 DEOPT PACKING pc=0x0000027dea3a6044 sp=0x00000098707fa920
Event: 2219.753 Thread 0x0000027df5544d50 DEOPT UNPACKING pc=0x0000027de90646a2 sp=0x00000098707fa8b8 mode 2
Event: 2219.753 Thread 0x0000027df5544d50 Uncommon trap: trap_request=0xffffffec fr.pc=0x0000027dea4e51ac relative=0x0000000000001dcc
Event: 2219.753 Thread 0x0000027df5544d50 Uncommon trap: reason=null_assert_or_unreached0 action=make_not_entrant pc=0x0000027dea4e51ac method=org.gradle.internal.snapshot.impl.DirectorySnapshotter$PathVisitor.shouldVisit(Ljava/nio/file/Path;Ljava/lang/String;Z)Z @ 34 c2
Event: 2219.753 Thread 0x0000027df5544d50 DEOPT PACKING pc=0x0000027dea4e51ac sp=0x00000098707fb400
Event: 2219.753 Thread 0x0000027df5544d50 DEOPT UNPACKING pc=0x0000027de90646a2 sp=0x00000098707fb1a0 mode 2
Event: 2219.754 Thread 0x0000027df5544d50 Uncommon trap: trap_request=0xffffffec fr.pc=0x0000027dea4de3f4 relative=0x0000000000001e94
Event: 2219.754 Thread 0x0000027df5544d50 Uncommon trap: reason=null_assert_or_unreached0 action=make_not_entrant pc=0x0000027dea4de3f4 method=org.gradle.internal.snapshot.impl.DirectorySnapshotter$PathVisitor.shouldVisit(Ljava/nio/file/Path;Ljava/lang/String;Z)Z @ 34 c2
Event: 2219.754 Thread 0x0000027df5544d50 DEOPT PACKING pc=0x0000027dea4de3f4 sp=0x00000098707fb300
Event: 2219.754 Thread 0x0000027df5544d50 DEOPT UNPACKING pc=0x0000027de90646a2 sp=0x00000098707fb198 mode 2
Event: 2219.755 Thread 0x0000027df5544d50 Uncommon trap: trap_request=0xffffff45 fr.pc=0x0000027dea14104c relative=0x00000000000003ac
Event: 2219.755 Thread 0x0000027df5544d50 Uncommon trap: reason=unstable_if action=reinterpret pc=0x0000027dea14104c method=java.util.stream.ReferencePipeline$7$1.accept(Ljava/lang/Object;)V @ 25 c2
Event: 2219.755 Thread 0x0000027df5544d50 DEOPT PACKING pc=0x0000027dea14104c sp=0x00000098707fa7a0
Event: 2219.755 Thread 0x0000027df5544d50 DEOPT UNPACKING pc=0x0000027de90646a2 sp=0x00000098707fa748 mode 2

Classes loaded (20 events):
Event: 2219.320 Loading class java/util/AbstractMapBeanInfo
Event: 2219.320 Loading class java/util/AbstractMapBeanInfo done
Event: 2219.320 Loading class java/util/AbstractMapBeanInfo
Event: 2219.320 Loading class java/util/AbstractMapBeanInfo done
Event: 2219.320 Loading class java/util/AbstractMapCustomizer
Event: 2219.320 Loading class java/util/AbstractMapCustomizer done
Event: 2219.321 Loading class java/util/AbstractMapCustomizer
Event: 2219.321 Loading class java/util/AbstractMapCustomizer done
Event: 2219.321 Loading class java/util/HashMapCustomizer
Event: 2219.321 Loading class java/util/HashMapCustomizer done
Event: 2219.322 Loading class java/util/HashMapCustomizer
Event: 2219.322 Loading class java/util/HashMapCustomizer done
Event: 2219.322 Loading class java/util/LinkedHashMapCustomizer
Event: 2219.322 Loading class java/util/LinkedHashMapCustomizer done
Event: 2219.323 Loading class java/util/LinkedHashMapCustomizer
Event: 2219.323 Loading class java/util/LinkedHashMapCustomizer done
Event: 2219.560 Loading class jdk/internal/reflect/DirectMethodHandleAccessor$NativeAccessor
Event: 2219.560 Loading class jdk/internal/reflect/DirectMethodHandleAccessor$NativeAccessor done
Event: 2225.132 Loading class java/util/logging/LogRecord
Event: 2225.132 Loading class java/util/logging/LogRecord done

Classes unloaded (20 events):
Event: 2214.817 Thread 0x0000027df5275080 Unloading class 0x0000027d8139a800 'java/lang/invoke/LambdaForm$MH+0x0000027d8139a800'
Event: 2214.817 Thread 0x0000027df5275080 Unloading class 0x0000027d81391000 'java/lang/invoke/LambdaForm$MH+0x0000027d81391000'
Event: 2214.817 Thread 0x0000027df5275080 Unloading class 0x0000027d81390c00 'java/lang/invoke/LambdaForm$MH+0x0000027d81390c00'
Event: 2214.817 Thread 0x0000027df5275080 Unloading class 0x0000027d81135400 'jdk/internal/reflect/GeneratedSerializationConstructorAccessor2'
Event: 2214.817 Thread 0x0000027df5275080 Unloading class 0x0000027d81104400 'java/lang/invoke/LambdaForm$MH+0x0000027d81104400'
Event: 2214.817 Thread 0x0000027df5275080 Unloading class 0x0000027d81000400 'java/lang/invoke/LambdaForm$MH+0x0000027d81000400'
Event: 2217.084 Thread 0x0000027df5275080 Unloading class 0x0000027d814da800 'java/lang/invoke/LambdaForm$MH+0x0000027d814da800'
Event: 2217.084 Thread 0x0000027df5275080 Unloading class 0x0000027d814da400 'java/lang/invoke/LambdaForm$MH+0x0000027d814da400'
Event: 2217.084 Thread 0x0000027df5275080 Unloading class 0x0000027d814d9400 'java/lang/invoke/LambdaForm$MH+0x0000027d814d9400'
Event: 2217.084 Thread 0x0000027df5275080 Unloading class 0x0000027d813a2000 'java/lang/invoke/LambdaForm$MH+0x0000027d813a2000'
Event: 2217.084 Thread 0x0000027df5275080 Unloading class 0x0000027d813a1c00 'java/lang/invoke/LambdaForm$MH+0x0000027d813a1c00'
Event: 2217.084 Thread 0x0000027df5275080 Unloading class 0x0000027d81351c00 'java/lang/invoke/LambdaForm$MH+0x0000027d81351c00'
Event: 2217.084 Thread 0x0000027df5275080 Unloading class 0x0000027d81351800 'java/lang/invoke/LambdaForm$MH+0x0000027d81351800'
Event: 2217.084 Thread 0x0000027df5275080 Unloading class 0x0000027d8134d800 'java/lang/invoke/LambdaForm$MH+0x0000027d8134d800'
Event: 2217.084 Thread 0x0000027df5275080 Unloading class 0x0000027d8134d400 'java/lang/invoke/LambdaForm$MH+0x0000027d8134d400'
Event: 2217.084 Thread 0x0000027df5275080 Unloading class 0x0000027d812f3400 'java/lang/invoke/LambdaForm$MH+0x0000027d812f3400'
Event: 2217.084 Thread 0x0000027df5275080 Unloading class 0x0000027d812f3000 'java/lang/invoke/LambdaForm$MH+0x0000027d812f3000'
Event: 2217.084 Thread 0x0000027df5275080 Unloading class 0x0000027d812f1800 'java/lang/invoke/LambdaForm$MH+0x0000027d812f1800'
Event: 2217.084 Thread 0x0000027df5275080 Unloading class 0x0000027d812f1400 'java/lang/invoke/LambdaForm$MH+0x0000027d812f1400'
Event: 2217.084 Thread 0x0000027df5275080 Unloading class 0x0000027d81299800 'java/lang/invoke/LambdaForm$MH+0x0000027d81299800'

Classes redefined (0 events):
No events

Internal exceptions (20 events):
Event: 2219.585 Thread 0x0000027d955fca20 Exception <a 'java/lang/ClassNotFoundException'{0x00000000f5dea260}: org/gradle/api/tasks/compile/JavaCompileCustomizer> (0x00000000f5dea260) 
thrown [s\open\src\hotspot\share\classfile\systemDictionary.cpp, line 312]
Event: 2219.586 Thread 0x0000027d955fca20 Exception <a 'java/lang/ClassNotFoundException'{0x00000000f5c10280}: org/gradle/api/tasks/compile/JavaCompile_DecoratedCustomizer> (0x00000000f5c10280) 
thrown [s\open\src\hotspot\share\classfile\systemDictionary.cpp, line 312]
Event: 2219.610 Thread 0x0000027d955fca20 Exception <a 'java/lang/ClassNotFoundException'{0x00000000f515d070}: org/gradle/api/DefaultTask_DecoratedBeanInfo> (0x00000000f515d070) 
thrown [s\open\src\hotspot\share\classfile\systemDictionary.cpp, line 312]
Event: 2219.611 Thread 0x0000027d955fca20 Exception <a 'java/lang/ClassNotFoundException'{0x00000000f51679e0}: org/gradle/api/DefaultTask_DecoratedCustomizer> (0x00000000f51679e0) 
thrown [s\open\src\hotspot\share\classfile\systemDictionary.cpp, line 312]
Event: 2219.633 Thread 0x0000027dfc827be0 Exception <a 'java/lang/NoSuchMethodError'{0x00000000f3936410}: static Lorg/gradle/internal/build/event/types/DefaultTaskStartedProgressEvent;.<clinit>()V> (0x00000000f3936410) 
thrown [s\open\src\hotspot\share\prims\jni.cpp, line 1111]
Event: 2219.633 Thread 0x0000027dfc827be0 Exception <a 'java/lang/NoSuchMethodError'{0x00000000f39378d8}: static Lorg/gradle/internal/build/event/types/AbstractProgressEvent;.<clinit>()V> (0x00000000f39378d8) 
thrown [s\open\src\hotspot\share\prims\jni.cpp, line 1111]
Event: 2219.634 Thread 0x0000027dfc827be0 Exception <a 'java/lang/NoSuchMethodError'{0x00000000f3941738}: static Lorg/gradle/internal/build/event/types/DefaultTaskDescriptor;.<clinit>()V> (0x00000000f3941738) 
thrown [s\open\src\hotspot\share\prims\jni.cpp, line 1111]
Event: 2219.635 Thread 0x0000027dfc827be0 Exception <a 'java/lang/NoSuchMethodError'{0x00000000f39650b8}: static Lorg/gradle/internal/operations/OperationIdentifier;.<clinit>()V> (0x00000000f39650b8) 
thrown [s\open\src\hotspot\share\prims\jni.cpp, line 1111]
Event: 2219.636 Thread 0x0000027dfc827be0 Exception <a 'java/lang/NoSuchMethodError'{0x00000000f396f088}: static Lorg/gradle/internal/build/event/types/DefaultBinaryPluginIdentifier;.<clinit>()V> (0x00000000f396f088) 
thrown [s\open\src\hotspot\share\prims\jni.cpp, line 1111]
Event: 2219.651 Thread 0x0000027dfc827be0 Exception <a 'java/lang/NoSuchMethodError'{0x00000000f3892240}: static Lorg/gradle/internal/build/event/types/DefaultTaskFinishedProgressEvent;.<clinit>()V> (0x00000000f3892240) 
thrown [s\open\src\hotspot\share\prims\jni.cpp, line 1111]
Event: 2219.651 Thread 0x0000027dfc827be0 Exception <a 'java/lang/NoSuchMethodError'{0x00000000f38acac0}: static Lorg/gradle/internal/build/event/types/DefaultTaskSuccessResult;.<clinit>()V> (0x00000000f38acac0) 
thrown [s\open\src\hotspot\share\prims\jni.cpp, line 1111]
Event: 2219.651 Thread 0x0000027df5544d50 Exception <a 'java/lang/NoSuchMethodError'{0x00000000f386fef0}: 'void java.lang.invoke.DirectMethodHandle$Holder.invokeSpecial(java.lang.Object, java.lang.Object, java.lang.Object, java.lang.Object, int, java.lang.Object, java.lang.Object)'> (0x00000000f386fef0) 
thrown [s\open\src\hotspot\share\interpreter\linkResolver.cpp, line 773]
Event: 2219.651 Thread 0x0000027dfc827be0 Exception <a 'java/lang/NoSuchMethodError'{0x00000000f38b1208}: static Lorg/gradle/internal/build/event/types/AbstractTaskResult;.<clinit>()V> (0x00000000f38b1208) 
thrown [s\open\src\hotspot\share\prims\jni.cpp, line 1111]
Event: 2219.651 Thread 0x0000027dfc827be0 Exception <a 'java/lang/NoSuchMethodError'{0x00000000f38b2778}: static Lorg/gradle/internal/build/event/types/AbstractResult;.<clinit>()V> (0x00000000f38b2778) 
thrown [s\open\src\hotspot\share\prims\jni.cpp, line 1111]
Event: 2219.652 Thread 0x0000027dfc827be0 Exception <a 'java/lang/NoSuchMethodError'{0x00000000f38fd090}: static [Ljava/lang/Object;.<clinit>()V> (0x00000000f38fd090) 
thrown [s\open\src\hotspot\share\prims\jni.cpp, line 1111]
Event: 2219.659 Thread 0x0000027df5544d50 Exception <a 'sun/nio/fs/WindowsException'{0x00000000f37510f0}> (0x00000000f37510f0) 
thrown [s\open\src\hotspot\share\prims\jni.cpp, line 520]
Event: 2219.659 Thread 0x0000027df5544d50 Exception <a 'sun/nio/fs/WindowsException'{0x00000000f37528d8}> (0x00000000f37528d8) 
thrown [s\open\src\hotspot\share\prims\jni.cpp, line 520]
Event: 2219.659 Thread 0x0000027df5544d50 Exception <a 'sun/nio/fs/WindowsException'{0x00000000f3754020}> (0x00000000f3754020) 
thrown [s\open\src\hotspot\share\prims\jni.cpp, line 520]
Event: 2219.667 Thread 0x0000027df5544d50 Exception <a 'java/lang/NoSuchMethodError'{0x00000000f37b6758}: 'int java.lang.invoke.DirectMethodHandle$Holder.invokeSpecial(java.lang.Object, java.lang.Object, java.lang.Object, java.lang.Object, java.lang.Object)'> (0x00000000f37b6758) 
thrown [s\open\src\hotspot\share\interpreter\linkResolver.cpp, line 773]
Event: 2225.133 Thread 0x0000027df5544d50 Exception <a 'net/rubygrapefruit/platform/NativeException'{0x00000000f36586e0}: Execution timed out> (0x00000000f36586e0) 
thrown [s\open\src\hotspot\share\prims\jni.cpp, line 539]

ZGC Phase Switch (0 events):
No events

VM Operations (20 events):
Event: 2219.641 Executing VM operation: HandshakeAllThreads (Deoptimize)
Event: 2219.641 Executing VM operation: HandshakeAllThreads (Deoptimize) done
Event: 2219.643 Executing VM operation: HandshakeAllThreads (Deoptimize)
Event: 2219.643 Executing VM operation: HandshakeAllThreads (Deoptimize) done
Event: 2219.664 Executing VM operation: HandshakeAllThreads (Deoptimize)
Event: 2219.664 Executing VM operation: HandshakeAllThreads (Deoptimize) done
Event: 2219.669 Executing VM operation: HandshakeAllThreads (Deoptimize)
Event: 2219.669 Executing VM operation: HandshakeAllThreads (Deoptimize) done
Event: 2219.752 Executing VM operation: ICBufferFull
Event: 2219.752 Executing VM operation: ICBufferFull done
Event: 2220.761 Executing VM operation: Cleanup
Event: 2220.761 Executing VM operation: Cleanup done
Event: 2221.775 Executing VM operation: Cleanup
Event: 2221.775 Executing VM operation: Cleanup done
Event: 2224.535 Executing VM operation: HandshakeAllThreads (HandshakeForDeflation)
Event: 2224.535 Executing VM operation: HandshakeAllThreads (HandshakeForDeflation) done
Event: 2224.535 Executing VM operation: RendezvousGCThreads
Event: 2224.535 Executing VM operation: RendezvousGCThreads done
Event: 2225.542 Executing VM operation: Cleanup
Event: 2225.542 Executing VM operation: Cleanup done

Events (20 events):
Event: 2219.628 Thread 0x0000027df5545a70 Thread added: 0x0000027df5545a70
Event: 2219.628 Thread 0x0000027df554ca00 Thread added: 0x0000027df554ca00
Event: 2219.628 Thread 0x0000027df5549580 Thread added: 0x0000027df5549580
Event: 2219.628 Thread 0x0000027df5549c10 Thread added: 0x0000027df5549c10
Event: 2219.628 Thread 0x0000027df554bce0 Thread added: 0x0000027df554bce0
Event: 2219.629 Thread 0x0000027df554b650 Thread added: 0x0000027df554b650
Event: 2219.629 Thread 0x0000027df554a930 Thread added: 0x0000027df554a930
Event: 2219.629 Thread 0x0000027df554d090 Thread added: 0x0000027df554d090
Event: 2219.629 Thread 0x0000027df554d720 Thread added: 0x0000027df554d720
Event: 2219.629 Thread 0x0000027df554a2a0 Thread added: 0x0000027df554a2a0
Event: 2219.629 Thread 0x0000027df554ddb0 Thread added: 0x0000027df554ddb0
Event: 2219.629 Thread 0x0000027df554e440 Thread added: 0x0000027df554e440
Event: 2219.629 Thread 0x0000027df554afc0 Thread added: 0x0000027df554afc0
Event: 2219.629 Thread 0x0000027df554fe80 Thread added: 0x0000027df554fe80
Event: 2219.629 Thread 0x0000027df55518c0 Thread added: 0x0000027df55518c0
Event: 2219.629 Thread 0x0000027df554f160 Thread added: 0x0000027df554f160
Event: 2219.629 Thread 0x0000027df5551f50 Thread added: 0x0000027df5551f50
Event: 2219.631 Thread 0x0000027df554ead0 Thread added: 0x0000027df554ead0
Event: 2219.753 Thread 0x0000027dfec96760 Thread exited: 0x0000027dfec96760
Event: 2224.767 Thread 0x0000027dfec982a0 Thread exited: 0x0000027dfec982a0


Dynamic libraries:
0x00007ff637a90000 - 0x00007ff637aa0000 	C:\Program Files\Java\jdk-21\bin\java.exe
0x00007ff813d60000 - 0x00007ff813fc6000 	C:\WINDOWS\SYSTEM32\ntdll.dll
0x00007ff812bb0000 - 0x00007ff812c79000 	C:\WINDOWS\System32\KERNEL32.DLL
0x00007ff8110b0000 - 0x00007ff8114aa000 	C:\WINDOWS\System32\KERNELBASE.dll
0x00007ff811980000 - 0x00007ff811acc000 	C:\WINDOWS\System32\ucrtbase.dll
0x00007ffff4680000 - 0x00007ffff4699000 	C:\Program Files\Java\jdk-21\bin\jli.dll
0x00007ff813410000 - 0x00007ff8134c6000 	C:\WINDOWS\System32\ADVAPI32.dll
0x00007ffff0420000 - 0x00007ffff043b000 	C:\Program Files\Java\jdk-21\bin\VCRUNTIME140.dll
0x00007ff8134d0000 - 0x00007ff813579000 	C:\WINDOWS\System32\msvcrt.dll
0x00007ff813580000 - 0x00007ff81362a000 	C:\WINDOWS\System32\sechost.dll
0x00007ff811ca0000 - 0x00007ff811db8000 	C:\WINDOWS\System32\RPCRT4.dll
0x00007ff811dc0000 - 0x00007ff811f87000 	C:\WINDOWS\System32\USER32.dll
0x00007ff8115f0000 - 0x00007ff811617000 	C:\WINDOWS\System32\win32u.dll
0x00007ff812070000 - 0x00007ff81209b000 	C:\WINDOWS\System32\GDI32.dll
0x00007ffff6cb0000 - 0x00007ffff6f42000 	C:\WINDOWS\WinSxS\amd64_microsoft.windows.common-controls_6595b64144ccf1df_6.0.26100.8521_none_3e08b75ce33403b3\COMCTL32.dll
0x00007ff811620000 - 0x00007ff81174b000 	C:\WINDOWS\System32\gdi32full.dll
0x00007ff8118d0000 - 0x00007ff811973000 	C:\WINDOWS\System32\msvcp_win.dll
0x00007ff8080d0000 - 0x00007ff8080db000 	C:\WINDOWS\SYSTEM32\VERSION.dll
0x00007ff811c60000 - 0x00007ff811c92000 	C:\WINDOWS\System32\IMM32.DLL
0x00007ffff9b90000 - 0x00007ffff9b9c000 	C:\Program Files\Java\jdk-21\bin\vcruntime140_1.dll
0x00007fffd4330000 - 0x00007fffd43be000 	C:\Program Files\Java\jdk-21\bin\msvcp140.dll
0x00007fff41a90000 - 0x00007fff427a8000 	C:\Program Files\Java\jdk-21\bin\server\jvm.dll
0x00007ff811ad0000 - 0x00007ff811b50000 	C:\WINDOWS\System32\WS2_32.dll
0x00007ff810ca0000 - 0x00007ff810cfe000 	C:\WINDOWS\SYSTEM32\POWRPROF.dll
0x00007ff802ff0000 - 0x00007ff803026000 	C:\WINDOWS\SYSTEM32\WINMM.dll
0x00007ff810bc0000 - 0x00007ff810bd4000 	C:\WINDOWS\SYSTEM32\UMPDC.dll
0x00007ff80fd40000 - 0x00007ff80fd5b000 	C:\WINDOWS\SYSTEM32\kernel.appcore.dll
0x00007ffff12a0000 - 0x00007ffff12aa000 	C:\Program Files\Java\jdk-21\bin\jimage.dll
0x00007ff80e790000 - 0x00007ff80e9d2000 	C:\WINDOWS\SYSTEM32\DBGHELP.DLL
0x00007ff812e00000 - 0x00007ff813183000 	C:\WINDOWS\System32\combase.dll
0x00007ff8120a0000 - 0x00007ff812179000 	C:\WINDOWS\System32\OLEAUT32.dll
0x00007fffee2f0000 - 0x00007fffee32b000 	C:\WINDOWS\SYSTEM32\dbgcore.DLL
0x00007ff811540000 - 0x00007ff8115e8000 	C:\WINDOWS\System32\bcryptPrimitives.dll
0x00007ffff03f0000 - 0x00007ffff03ff000 	C:\Program Files\Java\jdk-21\bin\instrument.dll
0x00007fffee730000 - 0x00007fffee74f000 	C:\Program Files\Java\jdk-21\bin\java.dll
0x00007ff812360000 - 0x00007ff812ae4000 	C:\WINDOWS\System32\SHELL32.dll
0x00007ff80eb90000 - 0x00007ff80f410000 	C:\WINDOWS\SYSTEM32\windows.storage.dll
0x00007ff813630000 - 0x00007ff813726000 	C:\WINDOWS\System32\SHCORE.dll
0x00007ff811bf0000 - 0x00007ff811c57000 	C:\WINDOWS\System32\shlwapi.dll
0x00007ff810f10000 - 0x00007ff810f39000 	C:\WINDOWS\SYSTEM32\profapi.dll
0x00007fff8ce70000 - 0x00007fff8cf47000 	C:\Program Files\Java\jdk-21\bin\jsvml.dll
0x00007fffea2f0000 - 0x00007fffea308000 	C:\Program Files\Java\jdk-21\bin\zip.dll
0x00007ffff03e0000 - 0x00007ffff03f0000 	C:\Program Files\Java\jdk-21\bin\net.dll
0x00007ff808a20000 - 0x00007ff808b49000 	C:\WINDOWS\SYSTEM32\WINHTTP.dll
0x00007ff810290000 - 0x00007ff8102fc000 	C:\WINDOWS\system32\mswsock.dll
0x00007fffe9d00000 - 0x00007fffe9d16000 	C:\Program Files\Java\jdk-21\bin\nio.dll
0x00007ffff01a0000 - 0x00007ffff01b0000 	C:\Program Files\Java\jdk-21\bin\verify.dll
0x00007ffff0360000 - 0x00007ffff0387000 	C:\Users\jahanbin\.gradle\native\c067742578af261105cb4f569cf0c3c89f3d7b1fecec35dd04571415982c5e48\windows-amd64\native-platform.dll
0x00007fff8aa90000 - 0x00007fff8abd4000 	C:\Users\jahanbin\.gradle\native\100fb08df4bc3b14c8652ba06237920a3bd2aa13389f12d3474272988ae205f9\windows-amd64\native-platform-file-events.dll
0x00007ffff00a0000 - 0x00007ffff00aa000 	C:\Program Files\Java\jdk-21\bin\management.dll
0x00007fffefed0000 - 0x00007fffefedb000 	C:\Program Files\Java\jdk-21\bin\management_ext.dll
0x00007ff812030000 - 0x00007ff812038000 	C:\WINDOWS\System32\PSAPI.DLL
0x00007ff810690000 - 0x00007ff8106ab000 	C:\WINDOWS\SYSTEM32\CRYPTSP.dll
0x00007ff80fca0000 - 0x00007ff80fcd9000 	C:\WINDOWS\system32\rsaenh.dll
0x00007ff810340000 - 0x00007ff810373000 	C:\WINDOWS\SYSTEM32\USERENV.dll
0x00007ff810ee0000 - 0x00007ff810f0a000 	C:\WINDOWS\SYSTEM32\bcrypt.dll
0x00007ff8104f0000 - 0x00007ff8104fc000 	C:\WINDOWS\SYSTEM32\CRYPTBASE.dll
0x00007ff80f720000 - 0x00007ff80f753000 	C:\WINDOWS\SYSTEM32\IPHLPAPI.DLL
0x00007ff811f90000 - 0x00007ff811f9a000 	C:\WINDOWS\System32\NSI.dll
0x00007fffeebe0000 - 0x00007fffeebe9000 	C:\Program Files\Java\jdk-21\bin\extnet.dll
0x00007fffea590000 - 0x00007fffea59e000 	C:\Program Files\Java\jdk-21\bin\sunmscapi.dll
0x00007ff811750000 - 0x00007ff8118c8000 	C:\WINDOWS\System32\CRYPT32.dll
0x00007ff810860000 - 0x00007ff810890000 	C:\WINDOWS\SYSTEM32\ncrypt.dll
0x00007ff810810000 - 0x00007ff81084f000 	C:\WINDOWS\SYSTEM32\NTASN1.dll
0x00007fffd1af0000 - 0x00007fffd1af8000 	C:\WINDOWS\system32\wshunix.dll
0x00007ffff3280000 - 0x00007ffff3298000 	C:\WINDOWS\system32\napinsp.dll
0x00007ff80f7b0000 - 0x00007ff80f8fa000 	C:\WINDOWS\SYSTEM32\DNSAPI.dll
0x00007ff8100d0000 - 0x00007ff8100dd000 	C:\WINDOWS\SYSTEM32\DSPARSE.dll
0x00007ffff32a0000 - 0x00007ffff32b3000 	C:\WINDOWS\System32\winrnr.dll
0x00007ffff31f0000 - 0x00007ffff3212000 	C:\WINDOWS\system32\nlansp_c.dll
0x00007ff809510000 - 0x00007ff809526000 	C:\WINDOWS\system32\wshbth.dll
0x00007ff808c10000 - 0x00007ff808c1b000 	C:\Windows\System32\rasadhlp.dll
0x00007ff807d10000 - 0x00007ff807d96000 	C:\WINDOWS\System32\fwpuclnt.dll

dbghelp: loaded successfully - version: 4.0.5 - missing functions: none
symbol engine: initialized successfully - sym options: 0x614 - pdb path: .;C:\Program Files\Java\jdk-21\bin;C:\WINDOWS\SYSTEM32;C:\WINDOWS\WinSxS\amd64_microsoft.windows.common-controls_6595b64144ccf1df_6.0.26100.8521_none_3e08b75ce33403b3;C:\Program Files\Java\jdk-21\bin\server;C:\Users\jahanbin\.gradle\native\c067742578af261105cb4f569cf0c3c89f3d7b1fecec35dd04571415982c5e48\windows-amd64;C:\Users\jahanbin\.gradle\native\100fb08df4bc3b14c8652ba06237920a3bd2aa13389f12d3474272988ae205f9\windows-amd64

VM Arguments:
jvm_args: --add-opens=java.base/java.util=ALL-UNNAMED --add-opens=java.base/java.lang=ALL-UNNAMED --add-opens=java.base/java.lang.invoke=ALL-UNNAMED --add-opens=java.prefs/java.util.prefs=ALL-UNNAMED --add-opens=java.base/java.nio.charset=ALL-UNNAMED --add-opens=java.base/java.net=ALL-UNNAMED --add-opens=java.base/java.util.concurrent.atomic=ALL-UNNAMED -XX:MaxMetaspaceSize=384m -XX:+HeapDumpOnOutOfMemoryError -Xms256m -Xmx512m -Dfile.encoding=UTF-8 -Duser.country=US -Duser.language=en -Duser.variant -javaagent:C:\Users\jahanbin\.gradle\wrapper\dists\gradle-8.8-bin\dl7vupf4psengwqhwktix4v1\gradle-8.8\lib\agents\gradle-instrumentation-agent-8.8.jar 
java_command: org.gradle.launcher.daemon.bootstrap.GradleDaemon 8.8
java_class_path (initial): C:\Users\jahanbin\.gradle\wrapper\dists\gradle-8.8-bin\dl7vupf4psengwqhwktix4v1\gradle-8.8\lib\gradle-launcher-8.8.jar
Launcher Type: SUN_STANDARD

[Global flags]
     intx CICompilerCount                          = 12                                        {product} {ergonomic}
   size_t CompressedClassSpaceSize                 = 335544320                                 {product} {ergonomic}
     uint ConcGCThreads                            = 4                                         {product} {ergonomic}
     uint G1ConcRefinementThreads                  = 15                                        {product} {ergonomic}
   size_t G1HeapRegionSize                         = 1048576                                   {product} {ergonomic}
    uintx GCDrainStackTargetSize                   = 64                                        {product} {ergonomic}
     bool HeapDumpOnOutOfMemoryError               = true                                   {manageable} {command line}
   size_t InitialHeapSize                          = 268435456                                 {product} {command line}
   size_t MarkStackSize                            = 4194304                                   {product} {ergonomic}
   size_t MaxHeapSize                              = 536870912                                 {product} {command line}
   size_t MaxMetaspaceSize                         = 402653184                                 {product} {command line}
   size_t MaxNewSize                               = 321912832                                 {product} {ergonomic}
   size_t MinHeapDeltaBytes                        = 1048576                                   {product} {ergonomic}
   size_t MinHeapSize                              = 268435456                                 {product} {command line}
    uintx NonNMethodCodeHeapSize                   = 7602480                                {pd product} {ergonomic}
    uintx NonProfiledCodeHeapSize                  = 122027880                              {pd product} {ergonomic}
    uintx ProfiledCodeHeapSize                     = 122027880                              {pd product} {ergonomic}
    uintx ReservedCodeCacheSize                    = 251658240                              {pd product} {ergonomic}
     bool SegmentedCodeCache                       = true                                      {product} {ergonomic}
   size_t SoftMaxHeapSize                          = 536870912                              {manageable} {ergonomic}
     bool UseCompressedOops                        = true                           {product lp64_product} {ergonomic}
     bool UseG1GC                                  = true                                      {product} {ergonomic}
     bool UseLargePagesIndividualAllocation        = false                                  {pd product} {ergonomic}

Logging:
Log output configuration:
 #0: stdout all=warning uptime,level,tags foldmultilines=false
 #1: stderr all=off uptime,level,tags foldmultilines=false

Environment Variables:
JAVA_HOME=C:\Program Files\Java\jdk-23
PATH=C:\Program Files\Common Files\Oracle\Java\javapath;C:\Program Files (x86)\Common Files\Oracle\Java\javapath;C:\WINDOWS\system32;C:\WINDOWS;C:\WINDOWS\System32\Wbem;C:\WINDOWS\System32\WindowsPowerShell\v1.0\;C:\WINDOWS\System32\OpenSSH\;C:\Program Files\NVIDIA Corporation\NVIDIA app\NvDLISR;C:\Program Files (x86)\NVIDIA Corporation\PhysX\Common;C:\Program Files\Java\jdk-23\bin;C:\Program Files\dotnet\;C:\Program Files\Git\cmd;C:\ProgramData\chocolatey\bin;C:\Program Files\Microsoft VS Code\bin;C:\Program Files\nodejs\;C:\Program Files\Go\bin;C:\Program Files (x86)\Windows Kits\10\Windows Performance Toolkit\;C:\Users\jahanbin\AppData\Local\Microsoft\WindowsApps;C:\Users\jahanbin\AppData\Roaming\npm;C:\Users\jahanbin\AppData\Local\GitHubDesktop\bin;C:\Users\jahanbin\go\bin;C:\Users\jahanbin\AppData\Local\JetBrains\Toolbox\scripts;
USERNAME=jahanbin
OS=Windows_NT
PROCESSOR_IDENTIFIER=Intel64 Family 6 Model 151 Stepping 2, GenuineIntel
TMP=C:\Users\jahanbin\AppData\Local\Temp
TEMP=C:\Users\jahanbin\AppData\Local\Temp




Periodic native trim disabled

---------------  S Y S T E M  ---------------

OS:
 Windows 11 , 64 bit Build 26100 (10.0.26100.8521)
OS uptime: 0 days 8:05 hours
Hyper-V role detected

CPU: total 20 (initial active 20) (10 cores per cpu, 2 threads per core) family 6 model 151 stepping 2 microcode 0x25, cx8, cmov, fxsr, ht, mmx, 3dnowpref, sse, sse2, sse3, ssse3, sse4.1, sse4.2, popcnt, lzcnt, tsc, tscinvbit, avx, avx2, aes, erms, clmul, bmi1, bmi2, adx, sha, fma, vzeroupper, clflush, clflushopt, clwb, hv, serialize, rdtscp, rdpid, fsrm, f16c, cet_ibt, cet_ss
Processor Information for all 20 processors :
  Max Mhz: 2100, Current Mhz: 2100, Mhz Limit: 2100

Memory: 4k page, system-wide physical 32509M (5882M free)
TotalPageFile size 65277M (AvailPageFile size 25368M)
current process WorkingSet (physical memory assigned to process): 758M, peak: 842M
current process commit charge ("private bytes"): 919M, peak: 978M

vm_info: Java HotSpot(TM) 64-Bit Server VM (21.0.5+9-LTS-239) for windows-amd64 JRE (21.0.5+9-LTS-239), built on 2024-09-30T05:17:38Z by "mach5one" with MS VC++ 17.6 (VS2022)

END.
